level,type,Region/economy,1990,1991,1992,1993,1994,1995,1996,1997,1998,1999,2000,2001,2002,2003,2004,2005,2006,2007,2008,2009,2010,2011,2012,2013,2014,2015,2016,2017,2018,2019,2020,2021
1,region,World,204887.7031,153959.0873,164684.9945,222236.6021,255893.7326,345142.7446,392778.6563,480628.4795,681509.2912,1078285.663,1356685.067,773130.5078,590311.3487,549628.7774,698479.5396,953219.648,1415251.721,1905472.61,1486234.905,1237833.919,1390942.265,1610398.179,1468753.125,1459042.78,1402522.5,2063638.275,2045423.56,1632638.518,1448276.175,1480626.045,963138.5424,1582309.757
2,region,Developed economies,171279.4722,116082.9802,112105.3013,145961.3116,153719.475,228407.0243,246473.0433,295542.0679,509573.0726,870309.9162,1133973.771,560142.495,424916.1099,355532.4736,440433.6473,630455.4961,1012877.683,1382376.739,901911.5037,766876.8786,761318.6732,933049.039,789264.4677,799972.5622,713961.7453,1322723.034,1384814.391,937683.0334,753320.32,764455.6643,319189.7899,745739.2035
3,region,Europe,102697.2824,81867.35315,77530.90366,82785.39965,90540.97957,141746.3675,138208.4791,162388.1606,293729.8218,531685.9001,710777.7035,350865.3601,296002.8356,274684.5221,239112.5525,505799.963,668114.7879,963750.552,437998.9554,542482.3632,482674.1072,583937.9496,463748.4937,443615.7905,364930.9681,763717.6901,794426.0548,513250.0247,398049.1819,404755.6861,80786.45423,219032.6012
4,region,European Union,65099.39227,63939.30301,59033.38516,63313.48216,73153.15478,110995.2516,100057.6504,111729.3368,211493.6044,418392.8397,564989.5288,298098.7563,262766.0238,226394.2581,154800.5917,296738.206,414018.7003,668105.4833,222043.5155,362291.7051,335881.3445,446511.8296,319273.847,323303.6003,288561.0265,623649.8872,342614.6133,274903.939,366346.9336,401677.1022,209509.2383,137541.2935
5,country,Austria,653,360,1485.517753,1125.106122,2075.823594,1825.090253,4323.513092,2668.974816,4571.855707,2974.499988,8501.013451,5689.434546,138.3464308,6195.021861,3183.64965,10784.46003,4754.757314,25484.26717,7226.097231,9268.299689,2575.463407,10615.64954,3988.877646,5721.210459,4583.147657,1488.357813,-8508.306429,14953.06209,5389.769142,3034.642394,-15043.96862,5822.518226
5,country,Belgium,0,0,0,0,0,0,0,0,0,0,0,0,16250.52939,33476.142,43557.8899,34370.49197,58892.96875,93430.67292,-13857.25272,64440.44048,57583.32285,83366.34902,11670.39705,23898.0012,-3505.905172,28331.29923,59242.65569,-708.3065035,35713.27347,1751.978112,11913.11082,25576.76341
5,country,Belgium / Luxembourg,8046.73,9362.56,11285.8,10750,8513.58,10688.7,14063.9,11998.3,22690.5,119692.913,88738.714,88203.254,0,0,0,0,0,0,0,0,0,0,0,0,0,0,0,0,0,0,0,0
5,country,Bulgaria,4,55.8999999,41.5,40,105.4,90.4,109,646.6614424,678.392895,922.6519159,1016.486088,808.4258753,922.2888334,2088.529334,3397.118077,3919.965925,7804.89399,12388.85878,9855.106749,3385.353473,1549.12886,2052.255145,1697.19155,1837.743542,461.5750298,2217.350622,1040.26088,1813.850191,1142.612472,1835.270194,3422.609903,1496.291729
5,country,Croatia,0,0,13,118.2651402,110.3327683,103.4753831,485.18139,579.5750298,943.6517714,1425.48395,989.6522576,1035.852923,984.9748247,1812.649685,1291.406434,1810.334278,3132.77216,4669.380269,5400.062987,2948.109302,1171.938282,1594.171208,1311.969049,919.2209694,2899.050964,83.64371475,272.5164431,539.189655,1203.428964,396.5063764,136.4784647,568.8459213
5,country,Cyprus,126.62,81.7999999,107.4,83.4,75.2,375.7570399,428.8983104,548.3628429,345.3450658,803.6206074,837.5861433,928.6437122,1038.595235,891.441882,8594.77819,11090.50679,16726.16082,23237.58928,12246.51994,65949.55845,33429.64592,36622.57995,63501.89646,22260.81147,46454.08978,23945.61633,10928.2626,9437.62351,-413.4791888,34362.23377,4668.788201,463.0704111
5,country,Czechia,72,523,1003,653.4672484,868.3103411,2561.831451,1428.437754,1301.371678,3716.358128,6329.666293,4985.209231,5641.740699,8482.047131,2102.736715,4974.497856,11653.24701,5462.625467,10443.81754,6451.002923,2926.814824,6140.583193,2317.553784,7984.108594,3639.12943,5492.003461,465.1049342,9814.76887,9521.682018,11010.36396,10108.40697,9411.476213,5806.155606
5,country,Denmark,1132.15,1552.52,1017.39,1712.77,5006.18,4176.803746,758.7946891,2801.137413,7730.385639,16756.87763,33823.48939,11522.53683,6637.3559,2610.938314,-10715.96679,7533.546443,9530.535853,6638.497529,-742.2692242,1045.291529,-8977.400393,11939.23047,776.2587009,907.6199498,4682.30779,3616.130418,235.3039045,3748.81302,1715.226208,7072.70033,3210.105788,5540.519562
5,country,Estonia,0,0,81.89998767,161.1295933,214.3515626,193.3239157,147.2909262,267.7468776,578.370361,302.7826814,391.2474664,539.2891338,288.7280599,927.999377,957.1175801,2799.174252,1334.410098,2311.211571,1829.684696,1839.441378,1508.541875,1004.599954,1564.940755,771.0631516,684.5455874,35.51425718,1059.409595,1950.79183,1517.440045,3184.015936,3395.479343,989.1893083
5,country,Finland,644.6694172,-207.7861406,397.7869999,973.907779,1648.519344,1021.20023,1087.64318,2093.281606,12236.38857,4610.271173,8834.047356,3731.529481,8046.021364,3318.958415,2826.519653,4750.161667,7651.707791,12451.03594,-1143.999707,717.6106457,7358.832917,2549.850908,4153.957245,-106.0003984,18571.06798,2109.175635,8581.833477,2863.727251,-2171.777055,13456.08748,-1426.603587,9393.325086
5,country,France,16506.19332,16166.08715,18699.12261,16620.00232,15680.25694,23562.49673,21745.72761,23381.63966,31238.05338,46544.58054,27495.01566,15946.77274,21514.45673,7855.00895,-2573.579681,33228.72581,25325.74036,63499.56613,37593.42586,30733.48911,13890.09397,31641.9056,16062.05367,34279.83266,2672.876209,45364.68731,23077.21768,24832.52562,41832.98456,28363.01434,4869.762664,14192.88605
5,country,Germany,2962.363761,4727.24972,-2089.399033,368.2348244,7134.509086,12024.48487,6572.645653,12244.63398,24593.23623,56075.69354,198279.3394,26401.9964,53522.33118,32376.76545,-10192.1787,47449.79605,55654.56049,80212.48142,8127.028234,23805.5965,65642.98817,67513.66432,28181.12436,12776.7873,-3204.086458,30540.88206,15633.14737,48641.41842,72097.99686,52665.20426,64589.26609,31266.80733
5,country,Greece,1005,1135,1144,977,981,1053,1058,984,71.2,561.8999999,1108.162889,1589.337008,39.55578561,1275.23323,2101.655771,623.2900561,5354.887028,2111.305462,4498.626726,2436.364596,329.9141109,1143.135527,1739.702477,2818.248224,2686.834876,1268.160975,2765.153451,3484.812643,3973.265176,5019.206771,3212.506019,5731.520395
5,country,Hungary,553.8089999,1470.419,1477.004,2442.954,1143.371,5103.486605,3299.576146,4167.317669,3334.861149,3311.936107,2764.061819,3936.045586,2993.565399,2137.401419,4265.732493,7708.959225,6817.544536,3950.835121,6410.020231,2172.128787,2352.823553,6536.940942,14606.38452,3584.740723,7967.549949,-14537.42524,-5438.548392,3514.894612,6460.331074,4327.760194,6800.414994,5458.819205
5,country,Ireland,621.9109999,1361.668,1458.175,1077.89,856.979,1442.925,2617.483,2028.797815,8862.216911,18210.64171,25779.43615,9650.92035,29323.79653,22781.29282,-10607.6127,-31689.3001,-5542.306819,24707.17373,-16452.92416,25715.32959,42804.07128,23544.70324,48882.55595,50608.93818,48248.37591,217868.6342,39413.5618,52834.92053,-12017.40256,149433.0979,80870.94777,15702.06294
5,country,Italy,6344.876,2481.577,3209.808,3746.619,2235.95,4816.515,3535.094,4961.472,4280.245,6911.159598,13374.7927,14870.56044,17054.88118,19424.38326,20125.86094,23291.29981,42580.92358,43849.3481,-10835.31695,20076.60004,9178.260898,34323.80396,92.51002834,24279.30141,23253.88296,19635.12371,28468.51741,24047.08261,37681.92619,18145.56755,-23621.76844,8487.345859
5,country,Latvia,0,0,31.5,44.11601373,212.6324252,178.2942208,382.3640488,522.3345158,355.8295314,346.4549436,328.3397826,105.1802668,209.8724766,279.8989655,607.1781118,706.3622345,1663.444736,2323.996288,1264.144725,-22.22706896,419.8425259,1467.981734,1111.405202,901.7863072,896.7358814,738.9326528,254.5881207,710.5658544,963.6596392,901.1772397,1013.128408,5324.697751
5,country,Lithuania,0,0,10,31.2403604,31.339325,72.5575,152.43,354.4925,925.5,486.4575,378.8725,445.8125,724.9711718,180.4094914,844.4245777,1134.594339,2023.355968,2289.437451,1793.957593,-448.0977102,1019.541882,1798.972691,802.087643,573.8893685,-133.3944442,1055.053811,302.6056541,1020.786028,976.6383395,3021.641687,3492.34614,2053.095587
5,country,Luxembourg,0,0,0,0,0,0,0,0,0,0,0,0,4243.174365,4291.105683,5179.643439,4644.769483,32219.53464,-29679.42581,7117.112828,27255.15425,39128.52876,8843.156717,2824.125588,23299.02384,20060.31379,45432.15356,17580.97009,-27369.77666,-26044.79128,12801.1947,102268.8594,-9053.878561
5,country,Malta,45.7939999,76.983,39.542,69.48408115,155.8288634,129.287173,293.0094103,82.00722343,277.2486228,856.6267538,581.5570296,235.2321149,-418.6769121,959.7847141,12608.15841,25083.20897,17691.38647,39620.09614,12688.79599,2906.948043,5409.466323,21875.92885,14183.92805,12007.75563,11204.96858,5069.237768,4248.432623,3407.289796,4023.616747,3778.105345,3944.048836,4004.599075
5,country,Netherlands,11063.315,6074.612329,6392.101324,6359.115239,7031.611503,11723.69591,16186.76489,11181.06879,37277.25342,41203.16164,63854.98434,51927.49953,25038.25702,32899.86615,12452.36632,39047.15714,13977.70282,114161.1852,-6776.430952,38751.92229,-7184.472449,24155.80624,25013.04134,51119.46344,45033.94311,163397.007,55124.37465,13925.3949,87633.34091,-14141.08011,-105394.4135,-81055.60954
5,country,Poland,88,359,678,1715,1875.209041,3658.1745,4498.720374,4910.209222,6398.400184,7270.784022,9445.314963,5579.255161,4030.107255,3982.305977,12140.25032,8203.217716,14577.49558,19836.21948,12283.03901,10039.32449,12796.27013,15925.13965,12423.52313,3625.459562,14268.73649,15270.83168,15690.14756,9172.340071,15996.26992,13510.16767,13831.40218,24815.94943
5,country,Portugal,2363.322636,2186.582866,1637.534286,1440.670702,1250.510601,674.9228273,1312.517062,2340.007915,3026.885982,1156.734251,6559.806523,6195.650151,1630.034351,7983.640583,1787.703712,2234.481172,10767.79892,2803.5443,3549.656865,1611.420824,2912.025111,7428.154388,8228.715627,8447.068198,4897.466555,7630.06768,5065.822944,7752.149208,7115.339194,12360.56941,7756.341654,8019.72957
5,country,Romania,0.01,40,77,94,341,419,263,1215,2031,1027.032037,1056.753271,1157.931473,1140.652205,2196.303979,6435.591316,6152.300812,10858.11789,9732.809856,13491.53628,4665.448621,2997.172354,2362.92234,3198.547078,3602.364035,3215.681586,3840.47487,5000.387417,5419.471086,6218.911348,5791.043306,3432.300864,8610.350872
5,country,Slovakia,93,81,100,179.1378503,255.1740064,2587.149232,369.7432936,230.6031021,926.7614286,626.7974391,2720.378662,2274.839599,5864.878829,2975.667977,4028.991824,3109.637865,5803.086279,4017.245202,4868.023584,-6.07910336,1769.760743,3491.285944,2981.688154,-604.2477655,-512.8211151,106.1399146,805.9007804,4016.770767,1675.084894,2510.637702,-1930.503047,58.70887789
5,country,Slovenia,4.2999999,64.9,111,112.5999999,116.9298479,153.5604039,175.479362,334.428438,217.8277983,105.6862843,137.3576561,358.5319147,1569.674839,271.1803385,675.45647,561.6475153,706.2765557,757.2915726,1218.409932,-475.8343139,105.3698785,1087.41581,339.3306384,-151.2226653,1051.238646,1675.07736,1245.941686,897.7449994,1384.172995,1462.913915,205.6758914,1516.906853
5,country,Spain,10797.15159,9633.026352,10665.74069,8571.494817,8883.492432,7910.827709,9325.034251,8918.367254,14266.89455,18743.38475,39575.10319,28408.1288,39222.56929,25819.30265,24760.68367,25020.18355,30802.38001,64264.41411,76992.51327,10406.59838,39872.50959,28379.20637,25696.45275,28355.13646,22600.40121,8558.748474,31568.92697,41966.31308,57462.92981,17416.78944,5677.950808,9777.242653
5,country,Sweden,1971.176541,6353.203736,-41.03845751,3845.877075,6349.663101,14448.29188,5437.401953,10967.54505,19918.94207,61135.04139,23432.80682,10914.35507,12273.03497,5280.288884,12093.2549,11515.98602,27445.93908,28592.62854,36946.94361,10146.69799,97.12078496,12929.46528,16257.07378,3930.475578,4030.439643,8443.906464,19140.7605,12508.80234,3805.801725,9108.24923,18803.49508,26973.37991
4,region,Other Europe,37597.89012,17928.05014,18497.51849,19471.91749,17387.8248,30751.11592,38150.82866,50658.82373,82236.21739,113293.0604,145788.1748,52766.6038,33236.81181,48290.26401,84311.96072,209061.757,254096.0876,295645.0688,215955.4398,180190.6581,146792.7627,137426.12,144474.6466,120312.1902,76369.94162,140067.8029,451811.4415,238346.0858,31702.24839,3078.583934,-128722.784,81491.30768
5,country,Albania,0,0,20,68,52.9699999,70.0499999,90.09,47.5399999,45.01079681,41.19987532,144.2703151,206.427683,133.0563267,177.1038131,345.6718382,264.3386559,324.4219028,658.506675,974.3333211,995.929668,1050.708236,876.2683236,855.440232,1265.90079,1111.434379,945.7228448,1100.671891,1148.891224,1289.689054,1287.966989,1108.159167,1233.917686
5,country,Belarus,0,0,7,17.6,10.5,14.6999999,104.5,351.6,190.8449687,444,118.8,95.7999999,247.0999999,171.8,163.7999999,306.5999999,357.1,1807.3,2187.9,1876.5,1393.4,4002.4,1429.3,2229.6,1827.6,1667.9,1237.8,1278.5,1421,1293.1,1396.8,1232.943862
5,country,Bosnia and Herzegovina,0,0,0,0,0,0,0,0,66.73637671,176.7801503,146.0755773,118.8670699,265.1736865,381.053072,511.1861652,351.1858243,554.6900312,1819.244227,1001.647693,249.9485044,406.0890881,496.5250828,394.8732435,276.3619701,550.199095,361.1401255,349.7591302,491.8880169,581.3830514,341.5518366,395.0159491,519.0731844
5,country,Iceland,22.08160758,18.27233233,-12.73765811,0.4437659756,-1.529786516,-9.259302198,83.36842105,149.5395907,152.6389443,68.54191522,171.2249049,173.5906537,87.13563026,332.0992322,725.9262847,3071.050797,3843.07495,6824.791195,919.6922269,78.77028098,245.1366961,1107.490902,1025.126844,396.8108462,447.0941577,708.5348242,-427.2439183,-41.39851929,-381.4675241,-224.9060072,-933.0187762,173.5191575
5,country,"Moldova, Republic of",0,0,17,14,12.02,66.9099999,23.7399999,78.7399999,75.51,37.89,127.54,103.44,84.0499999,73.75,146.1999999,190.6999999,258.47,541.2599999,711.46,274.14,292.96,359.67,241.44,233.21,341.69,237.3,83.23,151.59,296.61,508.2,149.75,263.5
5,country,Montenegro,0,0,0,0,0,0,0,0,0,0,0,0,71.89007727,49.4314936,65.37656839,500.611849,622.0016282,934.4422272,960.4233347,1527.259416,760.4407684,558.0526998,619.7529468,447.4745998,497.6552017,699.365361,226.4096434,558.5657639,489.8148207,416.4472564,528.8739018,663.8362163
5,country,North Macedonia,0,0,0,0,24,9.49,11.21,58.058346,150.4820856,88.4061564,215.0566,447.132,0,113.3263509,323.6693921,96.02173792,432.5771725,692.5098337,585.7692165,201.3953413,212.5277875,478.7696892,142.9041709,334.9558402,272.5333121,240.4515698,374.6042815,205.2620281,725.2026712,446.4021519,230.060656,605.5785458
5,country,Norway,1563.802969,302.3319667,-668.1148926,991.5239783,2776.447451,2409.410338,3211.102343,3981.536461,3934.871639,6789.95329,6408.77362,2505.658027,1192.417627,2450.347588,954.0368174,-2273.651533,8061.802527,2168.153444,8958.687943,19479.09858,14018.13649,11390.26623,14655.09239,1975.659574,5530.121381,-2514.951942,-3899.880952,-5849.000262,225.7608362,16714.77273,-1325.639484,-1628.055879
5,country,Russian Federation,0,0,1161,1210.782,689.5739999,2065.723,2579.321,4864.643,2761.36,3285.93,2651.06,2808.331,3425.021,7754.758,15283.751,14375.052,37441.574,54921.85,75855.697,27752.258,31667.969,36867.773,30187.664,53397.139,29151.662,11857.81,37175.76691,25953.53583,13227.64206,32075.62193,10409.87239,38239.67678
5,country,Serbia,0,0,0,0,0,0,0,740,113,112,51.78091026,177.4409178,490.6357348,1466.986594,958.4697622,1577.035766,4255.703638,4405.906892,3971.856301,2896.05718,1686.103748,4932.251615,1298.570302,2053.097389,1998.795071,2347.559775,2352.016562,2878.291575,4090.505675,4269.812527,3468.526199,4562.507708
5,country,Serbia and Montenegro,0,0,125.6813081,96.1073501,62.5847823,44.9853536,0.001,0,0,0,0,0,0,0,0,0,0,0,0,0,0,0,0,0,0,0,0,0,0,0,0,0
5,country,Switzerland,5483.889545,2642.27784,411.0309909,-83.2419702,3366.991058,2222.466532,3078.454058,6635.798003,8940.757754,11718.59189,19854.57474,9389.136116,6864.257255,17305.4617,1845.838359,-266.9493566,44598.43361,33538.24238,16214.86619,29934.89716,29875.9404,26414.90267,29482.97401,1154.920703,9340.071712,84319.60069,150241.1681,111200.6185,-83154.74325,-105806.7942,-162703.5961,1016.436105
5,country,Ukraine,0,0,200,200,159,267,521,623,743,496,595,792,693,1424,1715,7808,5604,9891,10913,4816,6495,7207,8401,4499,410,-331,4055,3727,4732,6017,-36,6549
5,country,United Kingdom,30461.116,14846.168,17236.65875,16956.70237,10235.26729,23589.64,28448.04184,33128.36833,65062.00482,90033.76711,115304.0181,35948.78033,19683.07447,16590.14616,61219.74441,182927.9379,147372.4303,176838.6384,92158.33343,89709.13776,58200.28153,42200.40023,55446.12011,51675.89032,24690.24073,39185.7001,258698.6755,96353.8315,87837.47725,45454.3714,18193.58974,27561.49725
5,country,Yugoslavia (former),67,119,0,0,0,0,0,0,0,0,0,0,0,0,0,0,0,0,0,0,0,0,0,0,0,0,0,0,0,0,0,0
3,region,North America,56004.276,25679.957,23945.744,55394.586,53299.115,68026.772,94088.764,114923.1838,197237.446,308120.0652,380802.0522,187124.4211,96612.45587,60628.24546,135380.9646,130464.5561,297429.9102,332772.594,367918.5191,166303.6763,226449.4426,269531.2979,242145.0061,270761.2412,260738.2048,511460.9699,495474.8742,331722.8459,240895.9247,275257.4958,174003.581,427051.7098
4,country,Canada,7582.276,2880.957,4723.744,4731.586,8204.115,9254.772,9633.764,11525.1838,22803.446,24744.06521,66795.05222,27663.42106,22155.45587,7482.245459,-445.0354337,25691.55608,60293.91022,116820.594,61552.51912,22699.67632,28400.44265,39669.29788,43111.00614,69368.24121,59005.2048,43835.96994,36055.87423,22766.84593,37661.92475,50149.49581,23175.58101,59675.70982
4,country,United States,48422,22799,19222,50663,45095,58772,84455,103398,174434,283376,314007,159461,74457,53146,135826,104773,237136,215952,306366,143604,198049,229862,199034,201393,201733,467625,459419,308956,203234,225108,150828,367376
3,region,Other developed economies,12577.91384,8535.670022,10628.65368,7781.325981,9879.380424,18633.88479,14175.80028,18230.7235,18605.8048,30503.95082,42394.01488,22152.71378,32300.81838,20219.70606,65940.13026,-5809.023004,47332.98499,85853.59338,95994.02917,58090.83911,52195.12338,79579.79157,83370.96784,85595.53049,88292.57245,47544.37435,94913.46148,92710.1627,114375.2133,84442.48236,64399.75467,99654.89246
4,country,Australia,7904.391676,4055.275129,5479.381633,4054.917854,4762.566258,11678.76178,5629.724696,7762.472354,5528.856725,1847.15636,14190.96375,7825.430321,14246.20768,6338.891375,39611.69333,-28294.65356,26313.84745,41479.5786,46905.66861,31893.08917,36795.51625,58931.59409,59574.38437,56765.52363,58506.70657,29580.2688,48401.36484,46114.2279,68322.01146,39406.13428,16726.48193,25085.18476
4,country,Bermuda,0,0,0,0,0,0,0,34.7,102.7,60.5,66.9,41.7999999,5.4,12.9,831.6,43.7,261,610.6,78.17,-70.384,230.73,-257.87,47.61,54.9,-3.425,-143.094,82,-288.109271,95.4163715,4.9853965,111.935757,0.7925609
4,country,Israel,137.12,49.56,303.8679999,471.85,475.199,1576.598,1616.775,1990.376,1966.699,4187.194,6957.443,1771.719,1582.835,3322.393,2947.35,4818.272,14395.879,8798.282,10274.699,4607.028,6984.909,8653.401,9017.54,11842.324,6049.105,11336.502,11988.255,16892.825,21514.605,17362.681,24283.378,29615.079
4,country,Japan,1806.039008,1284.26882,2755.603983,210.4354395,888.3844709,41.46307235,228.0835455,3224.61836,3192.576296,12741.33635,8322.739294,6241.595833,9239.348263,6323.977642,7815.417818,2775.758043,-6505.843558,22548.85099,24425.12215,11938.34141,-1251.810494,-1758.334482,1731.531949,2303.718219,12029.78823,2975.527938,19358.83601,9355.587239,9962.720845,13755.37321,10702.56677,24652.03117
4,country,"Korea, Republic of",1045.6,1455.2,1001.6,832.2999999,1136.6,2487.1,2782.6,3301.1,5989.2,10726.3,11509.4,6522.3,5475.1,7010,13294.4,13643.2,9161.9,8826.9,11187.5,9021.9,9497.4,9773,9495.9,12766.6,9273.6,4104.1,12104.3,17912.9,12182.6,9634.3,8764.9,16819.7
4,country,New Zealand,1684.763155,1691.366072,1088.200066,2211.822687,2616.630695,2849.961939,3918.61704,1917.456791,1825.772782,941.4641116,1346.568839,-250.1313715,1751.927444,-2788.455955,1439.669115,1204.700515,3706.202093,3589.38178,3122.869413,700.8645245,-61.62138007,4238.000964,3504.001523,1862.464635,2436.797657,-308.9303895,2978.705631,2722.731827,2297.859621,4279.008482,3810.492212,3482.104965
2,region,Developing economies,33608.2309,37876.10716,52579.69312,76275.29045,102174.2576,116735.7203,146305.613,185086.4116,171936.2186,207975.7467,222711.2967,212988.0128,165395.2388,194096.3038,258045.8924,322764.1519,402374.0378,523095.8703,584323.401,470957.0406,629623.5917,677349.1396,679488.6572,659070.2176,688560.7543,740915.2405,660609.1698,694955.4846,694955.8549,716170.3808,643948.7525,836570.5533
3,region,Africa,2845.173267,3543.551295,3839.975371,5443.865367,6104.516475,5665.131717,6047.850347,11030.17194,9991.920511,11893.76311,10381.78242,19972.76752,14761.36012,18156.99086,17646.79175,29265.30535,34593.75236,50863.88164,58391.17694,56866.29166,47242.96434,46440.85858,57086.83244,50637.1364,54497.57009,57922.12496,46249.85907,40175.95262,45384.22079,45678.07282,38952.19781,82990.5384
4,region,North Africa,1155.481,914.0838,1595.7831,2411.6939,2277.3567,1228.2149,1468.178,2746.909508,2993.248805,3347.94922,3250.12918,5357.612589,3871.561666,5265.553919,6443.897894,11613.38813,21594.52558,23096.86353,22205.47731,18141.53507,15745.91842,7548.344386,15758.99382,11964.39467,12038.82182,12326.72107,13841.16316,13274.57791,15406.63683,13550.08569,9800.210083,9335.19791
5,country,Algeria,40,80,30,0.001,0.001,0.001,270,260,606.6,291.6,280.1,1113.105541,1064.96,637.853027,884.749028,1145.617701,1888.45621,1743.630929,2632.047803,2754.118888,2301.225922,2580.626408,1499.446845,1696.86675,1506.733438,-584.5391991,1636.299236,1232.341924,1474.589069,1381.812315,1142.640689,869.6818189
5,country,Egypt,734,253,459,1206.5,1133.4,595.2,636.3999999,886.8999999,1075.5,1065.3,1235.4,509.8999999,646.8999999,237.4,2157.4,5375.6,10042.8,11578.1,9494.6,6711.6,6385.6,-483,6031,4256,4612,6925.2,8106.8,7408.7,8141.3,9010,5851.8,5122
5,country,Libya,158.911,91.9038,99.0931,58.1529,-72.6243,-88.4860999,-111.7219999,-67.9,-127.894,-128.0689999,141,-133,145,143,357,1038,2064,3850,3180,3310,1909,0,1425,702,0,0,0,0,0,0,0,0
5,country,Morocco,165,317,424,491,551,332,322,1204.709508,400.2428049,1380.41822,421.9620539,2807.060073,480.6907065,2314.468404,894.5627096,1653.985726,2449.446199,2804.501284,2487.094098,1951.70719,1573.856265,2568.434351,2728.361094,3298.102433,3561.002767,3254.799347,2157.149441,2686.029715,3558.878862,1719.961452,1419.20787,2153.310836
5,country,South Sudan,0,0,0,0,0,0,0,0,0,0,0,0,0,0,0,0,0,0,0,0,0,0,161,-793,44,0.15,-7.8499999,1.4199999,60.14,-231.84,17.5,67.5
5,country,Sudan,-31.1299999,-0.62,0.09,-0.16,99.18,12,0.4,97.9,370.6999999,370.8,392.1999999,574,713.1799999,1349.19,1511.07,1617.098139,1841.833814,1504.379838,1653.120315,1726.298403,2063.730998,1734.376994,2311,1687.884179,1251.280889,1728.373403,1063.767535,1065.298481,1135.787164,825.3549923,716.9397106,462.4720155
5,country,Tunisia,88.7,172.8,583.6,656.2,566.3999999,377.5,351.1,365.3,668.1,367.8999999,779.4671258,486.5469761,820.8309595,583.6424879,639.116157,783.0865634,3307.989362,1616.251483,2758.615092,1687.810586,1512.50524,1147.906633,1603.185884,1116.541307,1063.804722,1002.737519,884.9969507,880.7877905,1035.941738,844.7969335,652.1218138,660.2332395
4,region,Other Africa,1689.692267,2629.467495,2244.192271,3032.171467,3827.159775,4436.916817,4579.672347,8283.262435,6998.671706,8545.81389,7131.65324,14615.15493,10889.79845,12891.43694,11202.89386,17651.91722,12999.22677,27767.01811,36185.69963,38724.7566,31497.04592,38892.51419,41327.83862,38672.74173,42458.74828,45595.40389,32408.69591,26901.37471,29977.58395,32127.98713,29151.98773,73655.34049
5,region,Central Africa,-1.1944619,22.2191298,161.5554205,217.645202,-59.4411522,-103.7616484,0.6394629,-103.2935495,723.4467185,487.6207649,670.4137638,1590.959194,2221.34157,2678.574478,1514.448487,2032.25384,1388.328443,5274.006892,4469.280215,5456.987494,7799.226021,5551.947023,5460.735186,5427.2359,5320.025675,8293.65557,5402.676224,8946.224237,9352.753202,8857.799246,9506.194189,9408.93009
6,country,Burundi,1.25543,0.8925,0.600088,0.47368,0.0039578,1.9819199,0,0,0,-0.5726067891,11.68324608,-0.002288183339,0,0,0.0446907076,0.5847001608,0.03159388731,0.5002449463,3.833211042,0.3484042986,0.7805809466,3.355008049,0.6049196,7.407171159,47.06101053,7.360447724,0.0554566185,0.3164830954,0,1.044957415,8.473943201,7.898029692
6,country,Cameroon,-112.831,-14.4979999,29.2038,5.12073,-9.0056899,7.2924199,101.316,78.3355999,215.1049999,-15.4947,158.8009999,73.2851,601.7459999,336.2679999,86.1221,234.007,16.384,191.017,-24.1980188,668.3289999,-0.551,355.3999999,739.177,567.239,726.548,627.442,663.7889999,814.0019999,761.5495497,1026.915328,675.1869936,849.9831157
6,country,Central African Republic,0.69785,-4.8740399,-10.6766,-9.98013,3.6022799,6.2005657,10.9255755,1.497424,7.300593947,5.976946527,0.8890749,5.1838988,5.6442865,11.3,15.1,10.1,34.67,56.75,117.11,42.28,61.52,36.9084558,70.0351573,1.8527926,3.4750079,3,7.256090484,6.888751401,18.00353546,25.60115729,34.74719647,30.1741768
6,country,Chad,9.4,4.2395399,1.96078,15.1609,27.0747,32.6115701,39.4661735,44.2939405,21.69668041,24.52497081,115.1724215,459.8663918,924.1192101,712.6634549,466.7934921,-99.34251936,-278.4139999,-321.6549999,466.1309999,374.8999999,313,281.8999999,579.7930374,520.2007513,-675.5459154,559.6420225,244.682121,363.3816364,460.8905076,566.638948,557.6925033,562.1657256
6,country,Congo,22.5515582,32.7535296,2.7390325,286.054322,2.99,121.8155737,72.5791317,79.1715852,32.7772428,520.6375193,165.9044687,77.25373411,136.7785385,323.1297316,-8.487842736,585.1634602,553.5829716,1467.628691,2031.879948,1272.939054,928.4360065,186.3050103,-282.835188,609.4404818,1659.450225,3803.300133,1611.618196,4416.953734,4315.250918,3366.085012,4015.531451,3690.808232
6,country,"Congo, Democratic Republic of",-14.46,12.39,-0.73,6.87,-1.5,-22.35,24.7899999,-44.35,61.3299999,11.16,94.1903999,102.2218999,187.5986936,391.2547235,409.0328144,266.6,256.118896,1808.032721,1726.843379,663.8028875,2939.27,1686.9,3312.142743,2098.249103,1843.173236,1673.5001,1204.708617,1340.204101,1616.794884,1488.05357,1646.921056,1870.032503
6,country,Equatorial Guinea,11.0738,41.3248,6.01832,22.3017,16.9955,63.3459414,247.6385587,53.4515281,274.7681167,154.2961739,154.4995899,940.7412157,323.3915075,689.779766,340.9144685,769.1461852,469.5060146,1242.731087,-793.8723328,1636.219625,2734,1975,985.2564115,582.9487019,167.8751826,233.3250728,53.9988129,304.8272495,396.07778,452.2871121,529.8947461,491.0909291
6,country,Gabon,73.4578999,-54.5891999,126.94,-113.7159999,-99.6029,-316.6896391,-498.6159764,-318.4236271,99.16908494,-217.6875389,-42.62643685,-89.09075779,36.96333366,206.0788025,193.7287638,242.3350144,267.805,710.7189823,760.1630301,663.9985238,521.6656309,874.8731635,-220.8736658,771.1925535,1047.702947,990.7861789,1243.66016,1314.02933,1379.070816,1553.136875,1716.511506,1634.82419
6,country,Rwanda,7.66,4.58,5.5,5.8399999,0.001,2,2.22,2.5899999,7.0999999,1.74,8.0999999,18.5,1.5,4.7,7.7,7.96,30.6439664,82.2831658,102.2899999,118.67,250.5048029,119.1053858,254.9632443,257.6,458.8999999,379.8,342.3,356.4365006,381.9115985,353.8444861,274.1226086,211.8961289
6,country,São Tomé and Principe,0,0,0,-0.48,0,0.03,0.32,0.14,4.2,3.04,3.7999999,3,3.6,3.3999999,3.5,15.6999999,38,36,79.0999999,15.5,50.6,32.2,22.471527,11.1053448,41.3859821,15.4996151,30.6077707,29.1844523,23.203612,24.1917995,47.1121848,60.0570599
5,region,East Africa,132.8931367,92.08374141,98.8664959,133.3401668,218.8045916,401.039471,419.8976998,808.5433512,811.2632826,970.9583245,1854.558389,1122.470293,1022.677341,1312.246146,1419.511163,1868.311368,2409.107383,4105.66196,5180.689002,5846.996169,6180.738732,6655.983037,7355.716504,8112.571615,7308.022858,7736.626033,8301.798241,8784.194822,8053.942313,7892.9365,6061.860423,8178.679451
6,country,Comoros,0.393003,2.5061599,-1.4469799,0.190705,0.177714,0.889525,0.51,0.02,0.3842163,0.271,0.09363611508,1.145914995,0.4304234793,0.7914659326,0.6713543691,0.5586436839,0.7777279125,7.681788844,4.631825734,13.78410798,8.342262113,23.0881605,10.41204973,4.231644417,4.684558642,4.936699549,3.56982374,3.919473045,5.672348126,3.677361424,3.8735243,4.0871641
6,country,Djibouti,0.06,2.2999999,2.29,1.4199999,1.4199999,3.218527917,3.263542294,3.100365179,3.173513541,3.21290112,3.286049482,3.392958626,3.432346206,14.22454296,38.54355985,22.2033412,108.2877094,195.3511403,228.9487455,74.7227396,36.5010325,79.0002307,109.9982557,286.0044677,152.9982388,143.8321864,159.9979744,164.929862,170,174.9990153,158.230011,166.750896
6,country,Eritrea,0.00001,0.00001,0.00001,0.00001,0.00001,0,36.7,41.1,148.518,83.2220999,27.8701067,12.1316264,22.7661658,24.9997865,24.1036648,1.4315538,15.3756097,7.206504,39,91,91,39,41.3579999,43.859,46.511,49.323,52.305,55.468,61.015,67.116,73.828,70.472
6,country,Ethiopia,12,6,0.17,3.5,17.21,14.14,21.93,288.49,260.67,69.98,134.6399999,349.3999999,255,465,545.1,265.112,545.2569999,222.001,108.538,221.46,288.2719999,626.5099999,278.5629999,1343.876,1855.05,2626.52,4142.937496,4017.1,3310.3,2548.8,2380.977218,4259.445211
6,country,Kenya,57.1,18.8,6,2,4.2999999,33,10.5471417,53,11.41357735,13.8218624,110.9046111,5.302622602,27.6252336,81.7351983,46.063947,21.2129384,50.6748047,897.3969902,642.7404382,1855.194702,1882.068164,2233.93854,2175.051812,1978.360935,1513.900102,1463.737592,1138.612882,1403.567589,1139.438224,1098.375947,716.7562236,448.1227281
6,country,Madagascar,22.3850223,13.6817622,21.1267605,15.3588383,5.7265569,9.7087378,10.1626016,13.7608366,16.1419999,58.381,82.9526,93.0592,61.10993201,95.45113177,95.19172116,86.01968018,294.5127636,740.5260742,1392.70123,1269.409215,764.685758,788.0782373,777.6365964,551.3164112,313.6822674,435.8242269,450.6262707,357.8622064,352.5516226,474.3114254,358.4671414,300.1740762
6,country,Mauritius,40.97285296,18.97484715,14.77845173,15.35584769,20.04409701,18.69287888,36.66126219,55.27774216,12.17036849,49.35320697,276.7661222,-25.64428256,32.10733596,62.07551565,11.16424532,41.56467613,105.3043229,339.0528746,382.9148625,247.8426023,429.9417887,433.3310109,589.0183028,293.3691571,455.5621518,216.4551883,378.7644323,479.9958903,460.5113682,444.0777609,224.6680828,253.1892528
6,country,Mayotte,0,0,0,0,0,0,0,0,0,0,0.01,0,0,0,0,5,0.03,0,0,0,0,0,0,0,0,0,0,0,0,0,0,0
6,country,Reunion,0.029924,7.4080565,39.3877865,0.1156186,0.0298895,0,0,0,0.7085518,1.462435,0,0.2059781,0.1001268,0,0,0,0,0,0,0,0,0,0,0,0,0,0,0,0,0,0,0
6,country,Seychelles,0.2623245704,21.55290577,1.620467065,18.83414744,30.74432441,45.88080143,28.80615214,53.39364227,53.20978528,55.21676793,24.3269826,64.7402749,47.7177771,58.4255047,37.4466703,85.8796027,145.5859532,181.628,182.103,171.402,210.805,207.363,261.36,170.254,229.97,194.545,155.24,191.9476607,119.5235314,143.7418556,122.2948358,156.8992684
6,country,Somalia,5.5899999,-0.15,-0.06,2,1,1,1.3,1.1,0.04,-0.81,0.27,0.04,0.14,-0.85,-4.79,24,96,141,87,108,112,102,107.33,258,261,303,330,369,408,447,464,455.5
6,country,Uganda,-5.91,1,3,54.5649999,88.152,124.509,121.507,141.500765,132.63327,140.2470512,180.8121074,151.496,184.648,202.193,295.416,379.8083407,644.2624999,792.3057809,728.8609007,841.5708027,543.8727273,894.293858,1205.388488,1096,1058.56454,737.6521402,625.7043619,802.704141,1055.353353,1273.601881,873.8777071,1142.212296
6,country,United Republic of Tanzania,0.01,0.01,12,20,50,150,148.5099999,157.8,172.1999999,496.6,1012.626174,467.1999999,387.6,308.1999999,330.6,935.5205917,403.0389913,581.5118069,1383.25,952.61,1813.25,1229.38,1799.6,2087.3,1416.1,1560.8,864.04,937.7,971.576866,1217.235252,684.8876793,921.8265584
5,region,Southern Africa,4.565653124,1147.994671,582.4383713,559.6250019,880.4054546,2278.861507,1544.083636,4859.926855,2956.88349,4749.201075,2475.619065,9826.741237,4732.506035,5557.801037,4645.595358,6655.202503,2182.050221,8811.379237,13951.79597,12806.85784,5512.654416,7646.274902,12231.10124,10915.60615,17826.96345,19374.34076,6978.398112,-941.0844567,4468.666488,4513.886964,4243.611992,42219.17115
6,country,Angola,-334.5,664.1,288,302,170.0999999,472,180.63,411.6499999,1114,2471.401,878.601,2145.501,1743.504,3576.97178,2197.22782,-1303.83693,-37.7148599,-893.342152,1678.97101,2205.29818,-3227.211182,-3023.770966,-1464.627991,-7120.017424,3657.514667,10028.21516,-179.5176189,-7397.295409,-6456.076413,-4098.478748,-1866.468113,-4150.064316
6,country,Botswana,95.9,-8.2114802,-1.5,-287.3999999,-14.1545452,70.41313605,71.17501952,100.0887486,95.31813492,36.67437936,61.24330139,30.68191933,403.4139037,417.9857089,391.0666988,278.5914859,486.3900373,494.5869316,520.9177751,208.6993468,218.3799983,293.2077746,146.4941765,67.13663298,515.1840884,378.5538701,142.5225765,260.5750454,285.9550619,93.60712713,31.80719524,55.155207
6,country,Eswatini,28.4608802,85.3676204,84.3559357,71.896425,63.2747351,43.4950492,21.72421413,-15.32131353,152.7238128,100.3849755,105.7950987,28.17922263,96.43572059,-63.88842989,69.58538258,-45.85388712,121.0358042,37.49985805,105.7228835,65.6976257,119.6385302,108.3897047,31.53813834,84.67257794,25.53729587,41.32133838,21.38486769,-56.01018282,36.47444928,130.2214964,40.91949497,125.8652824
6,country,Lesotho,16.11706322,7.24291281,7.643731964,15.33169714,42.58195333,23.4071942,28.02749253,31.68430282,26.77143705,32.73601027,32.4007,29.68,28.4012999,43.9365999,56.68,27.3999999,24.3,75.5999999,11,91.2999999,9.5,61.2,56.7,50.3999999,94.5,206.5,159.1999999,123.0999999,128.6999999,35.7325934,29.5926006,26.6322566
6,country,Malawi,23.3,-28.6999999,-7.0999999,8,24.99263219,5.64306096,15.76759186,14.90063427,12.1,58.49986731,39.6317699,39.370078,38.7190554,13.2620926,58.9487571,99.140819,121.6227215,34.5571841,123.9260419,194.5330017,46.0891676,93.2735529,80.9328928,88.5212935,387.1045543,509.6792059,116.0991915,90.19969121,959.3956336,55.2678496,45.2389337,50.2533916
6,country,Mozambique,9.1999999,22.5,25.3,32,35,45,72.5,64.4,234.9,381.6999999,139.3,255.4354914,347.2528305,336.6984008,475.5135728,107.8533189,112.6006603,398.655636,591.5992294,898.2848824,2531.661755,3558.543611,5629.409703,6175.124643,4901.790089,3866.831987,3093.4,2293.1,2703.031294,2211.654426,3034.562056,5101.667955
6,country,Namibia,29.56727425,120.4858546,118.2324045,55.29815711,97.97792044,152.9876567,128.6938723,83.76808826,77.29348007,19.60625127,186.4055748,365.1721767,181.3634768,148.7488681,225.8472156,385.2410553,386.575747,732.9598488,720.2665333,841.1825304,283.7998944,817.0654447,1060.806972,769.8646434,441.1737665,887.995532,355.5902318,279.9460362,208.556758,-178.9256711,-155.9037854,411.6190272
6,country,South Africa,-78.45956434,248.0697637,3.506299066,10.09872266,379.6327588,1241.21541,817.5654459,3816.656395,561.4766256,1503.237591,887.3416208,6783.921349,1569.155749,733.6660167,798.0259115,6646.926642,311.4501111,6538.06193,9209.172495,7502.062271,3635.596253,4242.86578,4558.847353,8300.10378,5770.658991,1729.376993,2235.001472,2008.360978,5449.554014,5124.986962,3062.256423,40888.77232
6,country,Zambia,202.78,34.34,45,314.3999999,40,107,127.1,217,238,85.9609999,121.7,145,298.36,346.62,364,356.94,615.7899999,1323.9,938.62,694.7999999,1729.3,1108.5,1731.5,2099.8,1488.7,1304.866667,662.9068877,1107.519805,408.4384917,859.8209279,-172.7528133,-456.7299731
6,country,Zimbabwe,12.1999999,2.7999999,19,38,41,117.7,80.9,135.0999999,444.3,59,23.1999999,3.7999999,25.8999999,3.7999999,8.6999999,102.8,40,68.9,51.6,105,165.9,387,399.5,400,544.7999999,421,371.8105035,349.4195797,744.6371991,280,194.36,166
5,region,West Africa,1553.427939,1367.169953,1401.331983,2121.561096,2787.390881,1860.777487,2615.051548,2718.085778,2507.078215,2338.033725,2131.062022,2074.984205,2913.273507,3342.815278,3623.338852,7096.14951,7019.740725,9575.97002,12583.93445,14613.9151,12004.42675,19038.30923,16280.28568,14217.32807,12003.73629,10190.78153,11725.82333,10112.04011,8102.221952,10863.36442,9340.321127,13848.5598
6,country,Benin,62.3767285,120.7804131,77.5731793,1.4055508,13.6490125,8.0136552,13.4883648,13.7063986,32.7145259,39.26431584,59.73656415,43.8585123,13.50812353,44.73158981,63.84432645,53.04397613,53.20048194,255.2439454,169.8350845,134.2860652,176.8040914,161.091348,281.564834,360.3433831,405.7373285,149.7556121,131.790684,200.9027192,194.0736833,218.2078716,174.019952,242.3501199
6,country,Burkina Faso,0.46,0.57,3.1130521,3.1783813,18.3715924,9.8167277,16.2251344,9.765809,4.4071382,7.92595083,23.10752048,6.267060825,15.02608366,29.12250516,14.34831578,34.1518348,33.59406376,343.5350233,105.7714854,100.8966805,34.61901118,143.6573095,329.3008989,490.4034144,356.4038229,231.9017029,390.6221139,2.57269032,268.4149081,162.969543,-102.2436256,137.3723876
6,country,Cabo Verde,0.252601,1.7443299,0.450472,3.64407,2.1284399,26.1805999,28.5279999,11.5766066,8.760716195,61.12945837,43.44576577,12.68305292,38.52445077,12.41325197,35.52927557,53.43892067,102.8544422,210.9789586,309.5749831,164.8307729,240.3228601,266.7484519,137.7493299,72.0880824,183.5600723,120.3906157,125.9806521,111.1092921,112.2664368,103.2325464,73.70285106,117.5420752
6,country,Côte d'Ivoire,48.4344296,18.5248859,69.0538437,175.1535334,117.5385668,211.7608404,269.1945296,415.4580764,760.0991267,235.3487662,234.7017315,272.6798983,212.5804175,165.3905712,282.979831,311.920344,318.8643883,426.7767236,446.1473186,377.128928,338.9416428,301.5767188,330.275245,407.5905343,439.356961,494.4087541,577.8715193,975.0149981,620.3306458,935.6845969,712.9158939,1382.342951
6,country,Gambia,14.1199999,8.0299999,12.93,11.19,8.75,15,18.35,20.57,23.6999999,49.4799999,43.52,35.4799999,42.8269999,10.70428003,55.52628862,53.6503426,82.20817582,76.46148094,70.10237739,39.44209665,37.11502213,36.0999999,41.2,25.5,35.5999999,12.5,-27.7,18.4448359,51.94,71.0833058,189.5761907,251.8226288
6,country,Ghana,14.8,20,22.5,125,233,106.5,120,81.7999999,167.4,243.6999999,114.9,89.2999999,58.8999999,110.02,139.27,144.97,636.0099999,855.3999999,1220.42,2897.1,2527.36,3237.39,3293.43,3226.33,3356.99,3192.3,3485.3,3255,2989,2827,1875.782954,2613.804735
6,country,Guinea,17.8599999,38.77,19.69,2.72,0.21,0.77,23.77,17.3009999,17.849,63.45,9.9399999,1.6799999,30,82.7999999,97.9,105,125,385.8999999,381.88,0,0,956.06,0.29,-131.9,-73.7586037,53.2724584,1618.44726,577.59,352.76,44.4,176.35,173.033145
6,country,Guinea-Bissau,2.02,2.0899999,5.83,3.2999999,0.43,0.04,1.03,11.4791088,4.4071382,0.7308766134,0.7022708631,0.3956133303,3.545254725,3.489332416,9.180650596,7.996693638,17.32678001,18.58045724,5.142863523,17.45286815,33.22383232,25.02405344,6.624918956,19.64528744,28.8911559,18.58302195,23.99859117,15.69119794,20.56381823,71.65868036,20.9897216,23.81523833
6,country,Liberia,225.24,8.41,-10.85,-53.6199999,17.3799999,4.5999999,-132.13,213.8199999,190.31,256.2599999,20.8,8.3,2.7999999,372.22,75.3575,82.8081999,107.851,131.5999999,283.8009999,217.8034591,449.9588262,785.2999999,984.6,1061.27,276.6999999,626.96,453.18,247.84,129.13,86.68,86.96,45.68
6,country,Mali,5.72972,1.20522,-21.8745,4.1672111,17.4710242,111.3898082,43.3973476,69.7313031,8.86852,2.178012308,82.43957661,121.7315859,243.8047714,132.2608396,101.0022999,223.8031501,83.39230048,72.7944966,180.2815958,748.3470497,405.9021517,556.1472961,397.8664596,307.9409132,144.2148312,275.5255351,356.4765889,563.2084704,467.2953914,720.6388353,536.8518124,659.671538
6,country,Mauritania,6.73622,2.26979,7,16.8,2.834766,6.8264999,-0.43554,-3.3299199,-0.2985608,15.11946,40.096,76.7,67.34035232,101.9579516,404.1020257,811.8691814,154.6016381,139.3728223,342.770662,-3.072044396,130.5283913,588.7495642,1388.587418,1125.683738,501.0379057,502.0739412,271.1978405,587.2437659,772.8904772,886.9163586,927.9162657,22.1775749
6,country,Niger,40.8132,15.1574,56.3900999,-34.3513,-11.2589,14.4245794,2.3458025,16.6190083,-1.1865372,0.2761089428,8.437082149,22.89509835,2.404632504,11.47109429,20.32236388,30.29378085,50.54409149,129.0387195,340.4271949,790.7625385,940.3162271,1065.789864,841.2757797,719.3384761,822.9670231,529.478696,301.3324781,338.7107099,466.0422733,717.1476396,360.6535743,754.5516625
6,country,Nigeria,1002.5,1123.9,1156.7,1878.1,2287.4,1271.05336,2190.68466,1642.472174,1210.105259,1177.707927,1309.665175,1277.420643,2040.182095,2171.390315,2127.086142,4978.26,4897.81,6086.73,8248.64,8649.526667,6098.96303,8914.89,7127.38,5608.463733,4693.828632,3064.168905,3453.258408,2412.974916,775.2474,2305.099812,2385.277666,4844.308053
6,country,Saint Helena,0,0,0,0,0,0,0,0,0,0,-3.8399999,0.23,0,0,-0.65,0.18,0.06,0.39,0,0,0,0,0,0,0,0,0,0,0,0,0,0
6,country,Senegal,56.9298293,-7.443984,21.5344626,-0.7063069,66.8221647,35.0597418,5.4735393,176.8125427,60.3438923,153.24696,62.93751475,31.94236596,78.05299374,52.49483827,77.02849788,44.58848688,220.3197613,297.4271127,397.6328982,320.0327837,266.1076529,338.2189011,276.1754031,311.3667712,403.0980563,409.1661244,472.4097959,588.2929975,847.8415754,1065.46282,1845.663881,2231.904247
6,country,Sierra Leone,32.4346999,7.50447,-5.59905,-7.46292,-2.87419,7.2870543,0.6639282657,1.800033011,0.1048848186,0.5332003104,39.00091773,9.835762656,10.41342906,8.615054047,61.15322252,83.18225077,58.76802469,96.57770527,57.62382149,110.8455097,238.4372903,950.4782533,722.4468467,429.6644863,375.0896951,252.4359045,137.965734,128.8834499,217.8129189,301.4854413,135.1108098,218.2981255
6,country,Togo,22.7205112,5.6574278,-13.1095764,-6.9571236,15.5384047,32.054621,14.4657825,18.5036381,19.4931113,31.68268911,41.47190355,63.58461146,53.36390297,33.73365451,59.35811163,76.99234835,77.33557727,49.16257535,23.88316343,48.53172267,85.82671919,711.0874697,121.5185485,183.5992504,54.01941071,257.8602555,-46.30833572,88.56006582,-183.3875768,345.6969668,-59.20681995,129.885315
3,region,Asia,21932.86593,22921.20226,32481.83845,56836.63529,68232.90948,80676.45846,96558.2071,108028.7985,90617.44484,107118.2558,132385.6537,119982.071,94114.87242,129971.8312,171867.7438,215995.091,293705.9198,354751.7684,387837.6019,328319.9583,422569.8154,431279.0284,422720.671,423692.9164,471994.123,530810.4977,478147.5873,501381.7758,496897.8112,511631.7704,518893.1108,618983.3817
4,region,East and South-East Asia,20919.7516,20321.69614,28501.27247,51956.86906,63475.98331,73937.25304,86988.7772,94839.6865,80610.66697,99648.21042,122026.1721,102411.853,74499.11743,103043.4936,130409.8842,152252.8376,188233.4559,230417.5685,225728.0307,196450.9207,305183.4217,311033.5985,319813.4841,328915.0185,378399.8651,432552.8187,371986.558,407841.1983,403110.1414,407315.5992,406836.0543,504231.9549
5,region,East Asia,8098.902488,6682.411424,15762.1889,35371.53091,42980.08882,45304.8825,54073.60649,58900.00689,59685.04624,68636.89432,100274.8829,80250.43783,58311.05276,72389.53632,92324.36248,109513.7534,123695.0061,152392.8313,175665.9119,153967.2081,192303.0864,224008.6931,202831.2957,208568.9506,248225.7861,313503.9053,258664.9118,253391.3141,254334.0996,232339.1106,284726.3371,328918.0114
6,country,China,3487.11,4366.34,11007.51,27514.95,33766.5,37520.53,41725.52,45257.04,45462.75,40318.71,40714.81,46877.59,52742.86,53504.7,60630,72406,72715,83521,108312,94065,114734,123985,121073,123911,128502,135577,133711,136315,138305,141225,149342,180957
6,country,"Hong Kong, China",3275.072298,1020.860063,3887.467096,6929.625915,7827.938821,6213.362504,10460.17371,11368.14793,13939.36733,25355.33355,54581.91774,29060.6828,3662.173737,17830.80232,29153.8264,34057.83219,41810.64725,58403.47014,58315.38636,55535.20173,70540.73987,96580.80678,70179.79944,74294.22383,113037.7814,174352.8881,117386.969,110684.5026,104245.7103,73714.02734,134709.8521,140695.9766
6,country,"Korea, Democratic People's Republic of",6.2401902,2.3713615,5.7118033,5.8549998,0.27,0,2.072786,-0.4910394,59.9189003,-2.9692306,-2.7538235,-19.8409546,5.5962143,57.2136025,64.9591858,-5.979987,-235.7909335,22.053453,170.9652776,86.3480977,13.5852203,103.1249866,205.2128874,119.7426439,64.0974251,78.207032,89.3172717,-12.8324219,1.9535285,29.8950103,6.3387056,18.1168579
6,country,"Macao, China",0.48,10.72,-19.5,-3.6,3.48,2.1899999,5.94,2.31,-17.89,9.4199999,-0.79,160.0049791,377.6718039,412.2803955,484.6568946,1243.281164,1735.689745,2304.547745,2590.86222,852.0492768,2831.339303,725.5983567,3893.810405,4586.282084,3456.139314,1010.490222,1942.030579,1509.29392,2493.694834,6686.845252,-7103.969648,-297.7521339
6,country,Mongolia,0,11.1199999,2,7.7,6.9,9.8,15.9,25,18.8999999,30.3999999,53.6989999,63.0009999,77.751,131.5399999,92.92,187.62,245.4599999,372.7599999,844.6979999,623.609,1691.422,4571.163,4272.473,2059.702,337.7679999,94.3199999,-4156.405,1494.35,2173.741,2443.343,1719.115942,2139.670045
6,country,Taiwan Province of China,1330,1271,879,917,1375,1559,1864,2248,222,2926,4928,4109,1445,453,1898,1625,7424,7769,5432,2805,2492,-1957,3207,3598,2828,2391,9692,3401,7114,8240,6053,5405
5,region,South-East Asia,12820.84911,13639.28472,12739.08357,16585.33815,20495.89449,28632.37054,32915.17071,35939.67962,20925.62074,31011.3161,21751.28921,22161.41513,16188.06467,30653.95723,38085.52169,42739.0842,64538.44982,78024.73718,50062.11885,42483.7126,112880.3353,87024.9054,116982.1883,120346.0679,130174.0789,119048.9133,113321.6462,154449.8841,148776.0417,174976.4886,122109.7172,175313.9435
6,country,Brunei Darussalam,7,5,7,8,5.8899999,582.7605633,653.6,701.74,573.25,747.8686686,549.6072507,526.4256512,1035.528459,3298.074255,205.6084718,289.4836442,434.0295376,260.167097,322.5865634,370.0818798,480.722547,691.1702744,864.9055275,775.6419991,567.8897272,173.2433396,-149.6412929,460.0837141,517.3031146,374.5732907,577.4431164,204.7493272
6,country,Cambodia,0,0,33,54.1199999,68.9,150.6999999,293.6999999,168.0999999,242.823,232.239,148.5039999,149.3969999,145.1059999,83.9809999,131.416,381.18,483.209,867.2889999,876.8844922,984.7130669,1404.315449,1538.883425,2003.849,2068.471,1853.471,1822.804,2475.916,2785.731,3207.587,3661.927918,3624.64499,3484.372172
6,country,Indonesia,1092,1482,1799,2003,2191,4419,6245,4729,-207,-1838,-4550.37,-2977.39,145.09,-596.9199999,1895.89,8336.257,4914.221,6928.471,9318.454,4877.87,13770.58,19241.25,19137.87,18816.66,21810.52,16641.45,3921.23,20579.23,20563.47,23883.25,18590.96,20081.25
6,country,Lao People's Democratic Republic,6,6.9,7.7999999,29.8999999,59.2,95.0999999,159.8,86.2999999,45.2999999,51.6082665,33.89,23.8999999,4.5,19.3999999,17,27.6999999,187.4,323.5,227.6999999,189.5,278.8,300.75,617.7553945,681.3972571,867.6461217,1077.759915,935.2961728,1686.275786,1358.019506,755.5241242,967.7060862,1071.913716
6,country,Malaysia,2611,4043,5138,5741,4581,5815,7297,6323,2713.995728,3895.263158,3787.631579,553.9473684,3203.421053,2473.157895,4624.210526,4065.390577,6060.226052,8594.734071,7171.978488,1453.039296,9060.042098,12197.57647,9238.830614,12115.46728,10877.3452,10082.34106,11335.92773,9398.81454,7618.337699,7812.77716,3159.514897,11619.80746
6,country,Myanmar,225.0999999,235.0999999,149,91.7,135.1999999,317.6,580.7,878.7999999,683.6,304,91.1149999,15.2899999,17.709,1855.15,729.9299999,110.3499999,724.245,2.194,603.4249999,27.1499999,6669.403,1117.686,496.877,584.298,946.2229999,3141.38,2929.606,4408.891,2891.919,2508.877,1907.154041,2066.60647
6,country,Philippines,550,556,776,1238,1591,1459,1520,1249,1752,1247,2240,195,1542,491,688,1850.936,2928.791,2823.719,1544.028,1990.338,1070.38694,2007.150725,3215.415155,3737.37174,5739.574024,5639.155962,8279.548275,10256.4424,9948.598824,8671.365874,6822.133291,10518.03673
6,country,Singapore,5574.749108,4887.09444,2204.33771,4686.314434,8550.188551,11942.80997,11432.37071,15701.73962,5958.652008,18852.95228,14751.79238,17301.64311,5338.352163,16353.24708,22324.8907,17747.77698,37480.37988,42608.91779,11810.14376,18531.87671,57460.08463,39890.36238,60102.98636,56671.62151,73286.61063,59700.10838,67502.00861,82482.52989,73932.00983,106323.2411,75436.71208,99099.28149
6,country,Thailand,2575,2049,2151,1807,1369,2070,2338,3882,7492,6106.384723,3410.119,5073.202,3355.416,5222.348,5858.576,7975.102,8917.470352,8626.050219,8568.223056,6409.212645,14657.48464,2474.001122,12897.16828,15945.52415,4975.455214,8927.67569,3486.275654,8285.16982,13190.87077,4790.372101,-4848.929882,11422.60306
6,country,Timor-Leste,0,0,0,0,0,0,0,0,0,0,0,0,0.942,4.519,0,0.908,8.4779999,8.695,39.698,49.9309999,28.5159999,47.075,38.5309999,49.615,49.344,42.9949999,5.479,6.716,47.926,74.5799999,72.3785864,85.3231072
6,country,Viet Nam,180,375.190278,473.945856,926.3037149,1944.515936,1780.4,2395,2220,1671,1412,1289,1300,1400,1450,1610,1954,2400,6981,9578.997494,7600,8000,7519,8368,8900,9200,11800,12600,14100,15500,16120,15800,15660
4,region,South Asia,212.8013324,446.9391184,754.3819734,1354.268129,1949.959489,2816.345383,3379.97025,5413.6109,3926.5707,3249.482345,4866.284758,6747.142387,10570.66549,8376.23338,10864.7833,14182.11403,28589.52589,34594.65224,56591.64915,42466.31576,34862.51151,44331.55931,32364.8308,35612.52251,41449.47313,51227.32313,54281.00524,51639.92326,52262.4541,59085.77724,70957.31181,52416.83082
5,country,Afghanistan,0.00001,-0.28,0.36,-0.02,0.02,-0.0933266,0.69,-1.46,-0.01,6.04,0.17,0.68,50,57.7999999,186.9,271,238,188.69,46.03374,197.5127275,54.200551,57.620844,40.863937,48.311346,42.9752625,169.146608,93.5913153,51.5338968,119.4351057,23.4045536,12.970148,20.6009761
5,country,Bangladesh,3.23878,1.3904399,3.7218499,14.0498999,11.1478,92.2999999,231.61,575.2899999,576.46,309.12,578.6399999,354.47,335.47,350.25,460.3999999,845.2599999,792.48,666.36,1086.31,700.1599999,913.32,1136.38,1292.56,1599.16,1551.28,2235.39,2332.72,2151.56,3613.3,2873.95,2563.58,2895.56
5,country,Bhutan,1.6,0.6,0,0,0,0.05,1.3999999,-0.7,0,1.05027476,0,0,2.425411898,3.370306526,8.859907539,6.210884351,72.16203922,40.19639975,4.434138023,12.77262375,26.24735296,33.48539107,53.8107984,17.99592179,23.4347091,6.494769893,-33.69945831,-10.3183564,6.767913424,3.476658136,0.6100899577,1.572302075
5,country,India,236.69,75,252,532,974,2151,2525,3619,2633,2168,3587.989747,5477.637624,5629.671078,4321.076437,5777.8072,7621.768707,20327.76392,25349.89177,47102.41725,35633.93949,27417.07664,36190.45603,24195.76692,28199.42198,34582.09681,44064.10172,44480.57175,39903.8404,42156.19337,50558.331,64072.23849,44735.14656
5,country,"Iran, Islamic Republic of",-361.9499999,22.59,8.5,207.55,0.294,8.7629999,20.4899999,43.012,37.596,15.621,193.5749999,408.11876,3519.38036,2877.4815,3037.29984,2889.19167,2317.5385,2017.79175,1979.98801,2983.42191,3648.97241,4276.71869,4661.7344,3049.945,2105.494,2050,3372,5019,2373,1508,1342,1425
5,country,Maldives,5.5999999,6.5,6.5999999,6.9,8.7428699,7.23071,9.31525,11.4088999,11.5,12.3,22.2648385,20.4982048,24.6711804,31.7689856,52.9337017,73.2309846,95.229413,132.4320807,181.2554317,157.9635867,216.4689456,423.5,228,360.8159999,333.375,297.9759933,456.6390573,457.8083136,575.6580282,956.153656,348.3448319,443.4731791
5,country,Nepal,5.94,2.22,0,0,0,0,19.16,23.0599999,12.0246999,4.35107,-0.484827,20.85,-5.95254,1.7861505,-0.417346,2.4517799,-6.6479799,5.8902356,1.0105831,38.5454292,86.6256087,95.486355,91.9777409,71.3212672,30.1883465,51.5580293,106.1335713,197.7759642,67.0556752,184.995134,126.4925756,195.955631
5,country,Pakistan,278.3311425,271.9186785,360.5691236,399.3022291,789.3408189,492.095,439.305,711,506,532,309,383,823,534,1118,2201,4273,5590,5438,2338,2022,1162,859,1333,1887,1673,2576,2496,1737,2234,2057,2102
5,country,Sri Lanka,43.3513999,67,122.631,194.4859999,166.4139999,65,133,433,150,201,175.13,81.8877982,192,198.6999999,223,272,480,603.3999999,752.2,404,477.6,955.912,941.1169999,932.551,893.629,679.6559999,897.0489999,1372.723043,1614.044009,743.4662315,434.0756685,597.5221677
4,region,West Asia,800.3129998,2152.567,3108.184,2108.098098,1921.086684,2643.525335,4789.726948,6077.892828,4578.247275,2485.552413,3983.79014,7720.774644,6072.84053,16074.28164,25458.08476,46922.34645,69328.337,76452.99065,88016.12308,70444.5148,65083.15622,56040.77521,52784.70498,44338.44372,38317.29022,37176.01391,38498.55391,33103.25823,34501.85561,36731.81305,34824.18232,55334.31335
5,country,Armenia,3.8999999,19.62,2.3999999,0.8,8,25.32,17.57,51.9399999,232.375,122.034,104.1889999,69.869,110.7249999,122.8529999,247.1409999,292.0732202,466.5319919,667.6715621,943.7330595,760.0407459,529.3213916,653.2197565,496.6367011,346.0923944,406.5784067,184.1279863,333.7333141,252.9453522,266.8249555,100.9460841,47.18358,378.8250485
5,country,Azerbaijan,0,0,0,0.01,22,155,591,1051,1022.97,510.3199999,129.93,226.5099999,1392.44,3285,3556.1,1679.92,-583.985,-4748.88,14.09,473.305,563,1465,2004.6,2632,4430.4,4047.7,4500,2867,1403,1503.9,507,-1707.7
5,country,Bahrain,-182.9,619.5,868.62,-275,208.0999999,430.5899999,2048.2,868.6170213,-275,453.723404,363.5638295,80.31914867,217.0212763,516.700266,865.3082447,1048.670213,2914.893617,912.2340426,2638.297872,257.1808511,155.8510638,98.40425532,1545.212766,3728.723404,1518.617021,64.89361676,243.3510638,1426.06383,1654.255319,1501.329787,1021.276596,1765.957447
5,country,Georgia,0,0,0,0.01,8,0,0,242.586,265.3319999,82.2069999,131.2318783,109.8398354,160.2119604,334.6490907,492.32944,452.752292,1171.1795,1752.646,1569.7233,664.191,845.1001,1129.948,1022.927793,1020.634,1836.979977,1728.75813,1653.993384,1980.773343,1317.071441,1335.810644,571.9632805,1152.817661
5,country,Iraq,-6.8099999,7.6859999,0.093,0.803,-0.03,0,-1.994,1.153,7.3879999,0,-0.032,-6.6559999,-0.326,1000,300,515.3,383,971.8,1855.7,1598.3,1396.2,1882.3,3400.4,-2335.3,-10176.4,-7574.2,-6255.9,-5032.4,-4885.1,-3508.2,-2859.1,-2613
5,country,Jordan,37.6499999,-11.89,40.7199999,-33.5499999,2.85,13.31,15.51,360.9309999,310.014,156.4,913.25811,273.6248237,238.2228491,546.9675599,936.8124118,1984.48519,3544.005642,2622.143864,2826.255131,2413.098592,1688.591549,1485.915493,1548.309859,1946.760563,2178.450704,1600.28169,1552.957746,2029.71831,954.9295775,729.7183099,760.2816901,621.8309859
5,country,Kuwait,5.5999999,0.8,35.2999999,13.25209797,0.03368477785,6.701334906,347.350948,19.77919822,59.06364436,72.26976332,16.29981223,-111.5161633,3.619444975,-67.11139149,23.75296912,233.9041092,121.3056903,111.5356735,-5.951760977,1113.589659,1304.625641,3259.066896,2872.584429,1433.627621,953.4647855,310.5515204,418.7464119,348.1221688,204.0169958,350.7254974,-141.7110436,198.1675989
5,country,Lebanon,6.45,1.6299999,18.46,7.4,22.5599999,35,80,1799.6,1134.903121,871.6765421,993.475,1453.907,1335.964,2860.020313,2483.692693,3321.491495,3131.673755,3375.980758,4002.061782,4378.90762,3708.379679,3137.050288,3111.315,2661.087128,2862.509427,2159.289952,2568.485071,2522.409653,2658.003845,1361.089808,1305.983456,273.0571274
5,country,Oman,142.263,135.241,104.291,142.0029999,76.4629999,46.2939999,60.6,65.0266088,101.4415098,39.0117035,83.2,5.2,122,25,111,1538,1597,3332,2952,1485,1243.172952,1752.925878,1365.409623,1612.483745,1287.386216,-2171.651495,2265.279584,2918.075423,5940.182055,4377,2861,3619
5,country,Qatar,4.8799999,42.5399999,39.5799999,72.0499999,131.8499999,93.56,338.87,418.3299999,347.3,113.25,251.5999999,295.5199999,623.9199999,624.9199999,1198.97,2500,3500,4700,3778.626374,8124.736264,4670.32967,938.5164835,395.8791208,-840.3849999,1040.385,1070.879,773.9009998,985.989011,-2186.263736,-2812.637363,-2434.065934,-1093.406593
5,country,Saudi Arabia,312,165,250,180,690,578,64,57,94,123,183,504,453,778.461364,1942,12097.333,18293.17333,24334.78319,39455.86393,36457.66667,29232.70667,16308.28,12182.37333,8864.693333,8011.786667,8141.026667,7452.533333,1418.843614,4247.119093,4562.573671,5399.15704,19285.64358
5,country,State of Palestine,0,0,0,0,0,122.5999999,177.1999999,163,218.1999999,188.5999999,62.005,19.1759999,9.4399999,17.972,48.8999998,46.542,18.588,28.2959999,51.508,300.468,206.2829998,349.31,58.405,175.7119999,159.6999998,102.9,296.6999999,188.3445258,251.6283945,131.8799842,79.7449923,256
5,country,Syrian Arab Republic,40,54,57,60,65,70,89,80,82,263,270,110,115,160,320,583,659,1241.959115,1465.623386,2569.548272,1469.196863,804.1626353,0,0,0,0,0,0,0,0,0,0
5,country,Turkey,684,810,844,636,608,885,722,805,940,783,982,3352,1082,1702,2785,10031,20185,22047,19851,8585,9085,16143,13745,13461,12969,18976,13651,11113,12573,9594,7821,12530
5,country,United Arab Emirates,-115.8199999,25.94,129.72,401.3199999,62.46,399.85,300.5199999,232.43,257.66,-985.34,-506.3299999,1183.84,95.2999999,4255.956433,10003.5,10899.93193,12805.99047,14186.52144,5062.972005,1134.288135,8796.769641,7152.095826,9566.651351,9764.914527,11071.53702,8550.901847,9604.773,10354.223,10385.286,17874.6594,19884.46866,20667.12049
5,country,Yemen,-130.9,282.5,718,903,15.8,-217.6999999,-60.1,-138.5,-219.4,-307.6,6.39951,155.1409999,114.302,-89.1069999,143.578,-302.057,1120.98,917.2989999,1554.62,129.1939999,188.6279999,-518.4203,-531,-133.5999999,-233.1049999,-15.445,-561,-269.85,-282.0983333,-370.9827777,0,0
4,region,Central Asia,0,0,118.00001,1417.4,885.88,1279.3347,1399.7327,1697.608287,1501.959897,1735.010672,1509.406699,3102.301,2972.24897,2477.8226,5134.991587,2637.793,7554.601,13286.557,17501.799,18958.207,17440.72595,19873.09531,17757.65113,14826.93164,13827.4946,9854.341991,13381.4702,8797.396082,7023.360151,8498.580862,6275.562402,7000.282595
5,country,Kazakhstan,0,0,100,1271.4,659.7,964.2599999,1136.88,1321.907487,1160.891013,1437.694772,1282.524399,2834.9986,2590.21757,2092.0288,4157.208487,1971.218,6278.168,11119.037,14321.757,13242.5,11550.716,13973.069,13336.999,10321,8489.396314,4056.61306,8514.316337,4714.080831,3897.758635,3284.181061,3675.397105,3171.787326
5,country,Kyrgyzstan,0,0,0,10,38.18,96.0746999,46.7927,83.0408,109.2284849,44.4129999,-2.361,5.007,4.665,45.5439999,175.458,42.5649999,182.023,207.9199999,376.992,189.377,437.586,693.528,292,626.0937,248,1141.8836,616,-107,144,404,-401.5,247.5
5,country,Tajikistan,0,0,9,9,12,10,18,18,29.9404,6.7028999,23.5432999,9.4954,36.0664,31.6497999,272.0250999,14.21,189.71,398.3999999,814.75,131.3299999,157.37573,200.37916,254.7928399,326.841,451.29129,571.67804,345.4070572,307.0296807,359.6176023,364.4803107,106.5347928,84.0381815
5,country,Turkmenistan,0,0,0.00001,79,103,233,108.06,107.86,62.2999999,125,131,170,276,226,353.6999999,418.1999999,730.8999999,856,1277,4553,3632.3,3391.067,3129.614737,2861.420712,3830.131,3042.968,2243.16,2085.944135,1997.297379,2129.436528,1169.442175,1452.5
5,country,Uzbekistan,0,0,9,48,73,-24,90,166.8,139.5999999,121.2,74.7,82.7999999,65.2999999,82.5999999,176.5999999,191.5999999,173.8,705.2,711.2999999,842,1662.748216,1615.05215,744.2445522,691.576226,808.6759966,1041.199291,1662.586807,1797.341436,624.6865355,2316.482962,1725.688329,2044.457088
3,region,Latin America and the Caribbean,8536.8303,11204.45071,16066.63777,13823.43875,27668.63888,29842.59397,43527.51959,65873.36953,71028.96918,88559.50531,79827.49079,72784.75788,56379.4929,45621.36812,68135.41866,77178.6205,74048.24874,117191.1035,138883.9006,86014.85981,160756.0398,201248.6916,202057.3607,186351.081,163181.1704,152838.5344,136221.2137,153536.2103,151978.3879,158744.1819,86171.55166,134457.7809
4,region,South and Central America,8099.7303,10717.55071,15515.33777,13116.53875,26813.69976,28977.79397,42886.91959,64245.86953,69217.40918,86024.70531,77711.16816,70251.91788,54187.49291,43465.56812,65620.77566,74407.7365,71038.14874,113752.7035,131746.7006,82543.98981,157777.2658,198593.7441,200293.989,184775.9839,159617.9127,149426.1468,132805.2352,149172.6976,149263.653,154798.7936,83426.61516,130643.5966
5,region,South America,5044.1873,5444.37771,10535.24477,8046.953746,14976.61276,18612.67047,32578.38659,49255.01253,52557.63698,69643.7149,57099.00523,37826.83147,27986.2709,22688.4876,37026.331,44080.15798,43641.57629,73533.08121,94303.32175,60046.36066,124192.8804,163914.7295,169316.1405,126444.9497,117311.7945,102738.5702,90988.66283,103726.951,103942.8582,110804.9456,50670.62886,88148.93394
6,country,Argentina,1836,2439,4430.978,2793.085,3634.932,5609.423,6948.537,9160.272,7290.657,23987.696,10418.314,2166.137,2148.908,1652.011,4124.705,5265.263,5537.348,6473.158,9725.553,4017.159,11332.719,10839.931,15323.934,9821.662,5065.336,11758.994,3260.164342,11516.86146,11716.58357,6663.062112,4019.052253,6533.993207
6,country,"Bolivia, Plurinational State of",67,95.7,122.0999999,123.5999999,130.1999999,374.3,429.3,854,1026.05,1010.488,736.404606,705.765957,676.570098,197.401006,85.4599749,-238.62,280.8633459,366.2942415,512.5730171,423.0290749,642.9479894,858.9410703,1059.965391,1749.557976,656.566,554.644,335.3655304,712.4741377,302.3687813,-216.6368431,-1129.487271,594.1414885
6,country,Brazil,988.7999999,1102.2,2061,1290.9,2149.9,4405.122,10791.687,18992.934,28855.61,28578.43,32779.24,22457.353,16590.204,10143.525,18145.883,15066.292,18822.208,34584.901,45058.156,25948.58,77686.848,97421.786,82059.83,59089.345,63845.886,49961.36699,53700.38366,66584.92744,59802.40649,65386.04132,28318.45132,50367.41633
6,country,Chile,661.2,822.1,935.2999999,1034.2,2583,2956.1,4814.616,5271.4,4627.817978,8761.016218,4860,4199.8,2550,4333.669356,7241.04262,7096.890411,7426.274991,12571.55989,15518.19228,14166.41847,15033.19418,22633.6122,32261.53532,21257.208,24030.41935,16684.6046,12502.68542,4063.689379,10347.86939,15230.85282,9636.939772,12719.18567
6,country,Colombia,500,456.8999999,728.7,959.1,1446.497261,968.3682736,3111.67659,5562.216362,2828.826262,1507.90713,2436.46,2541.943,2133.698,1720.493,3115.636,10235,6751,8886,10564,8035,6430,14647,15040,16210,16169,11620.53265,13857.93772,13700.88045,11298.69277,13989.15403,7458.624984,9402.473211
6,country,Ecuador,126.1795,160.1431,177.8968999,473.725,576.3265,452.4601999,499.6532999,723.9357999,869.9728999,648.4152999,-23.4393679,538.5685751,783.2609999,871.513,836.94,493.4139999,271.4289999,194.1589999,1057.155,308.6059999,165.857,646.0773586,567.4103008,727.0642062,776.591946,1331.250337,764.1008681,629.5424123,1388.696763,974.5174962,1104.193901,620.5951509
6,country,French Guiana,2.02,0.00001,0.16,0.15,0.03,0,1,1,1,0,0,1,0,0,0,0,0,0,0,0,0,0,0,0,0,0,0,0,0,0,0,0
6,country,Guyana,7.9,12.34,146.6059999,69.537,106.694,74.415,92.914,52,44,46,67.0999999,56,43.6,26.1,30,76.7999999,102.4,152.4,178,164,198,246.8,293.66,214.02,255.23,121.7099999,57.9990782,212.1513817,1231.06,1695.293219,1833.891321,1161.680651
6,country,Paraguay,71.0557999,80.9955999,117.0755,69.6139,122.5459999,94.5,78.9537039,178.7943637,211.5538417,99.9892532,137.9382275,63.0100781,2.0438921,28.460645,69.5565315,41.9990007,161.4294505,442.8834769,264.7531473,100.7239148,633.281017,624.4165717,724.5813742,431.655138,604.1419,377.8448524,504.6201301,336.4825551,156.23211,224.5493652,120.0459742,121.5859899
6,country,Peru,41.1,-7,-79,760.589,3289.187,2556.982,3471.149,2139.26,1643.949,1940.009,809.69676,1144.26,2155.837,1335.007073,1599.038389,2578.719365,3466.531061,5490.961307,6923.651285,6430.652961,8454.627588,7682.261109,13622.4851,9826.002544,4536.702254,8206.476795,6458.521858,6530.19282,6761.185789,6178.68901,-870.5758167,5908.063479
6,country,Suriname,-76.7999999,18.5,-54.2999999,-46.6,-30.1999999,-20.6,19.1,-9.1999999,9.0999999,-61.5,-97.2,-26.8,-73.5999999,-76.0999999,-37.2999999,28,-163.4,-246.6999999,-231.4,-93.4,-247.6999999,69.7913232,173.723334,187.6038595,164.0984156,266.7414559,299.987,98.2,119.19076,-7.7846764,0.3488434,-164.3938988
6,country,Uruguay,41.5399999,32.34,11.3,101.5,154.5,156.5999999,136.8,126.4,164.0999999,235.264,273.4909999,296.7938588,193.748912,416.4075212,332.3694883,847.4002046,1493.492445,1329.464293,2105.688028,1528.59124,2289.105601,2504.112903,2216.015647,4250.830992,2235.822622,1085.404479,-1821.10277,-590.4510273,-67.4282683,1965.207718,635.1435781,1645.52599
6,country,"Venezuela, Bolivarian Republic of",778.1919999,231.159,1937.428366,417.553846,813,985,2183,6202,4985,2890,4701,3683,782,2040,1483,2589,-508,3288,2627,-983,1574,5740,5973,2680,-1028,769,1068,-68,886,-1278,-456,-761.3333333
5,region,Central America,3055.543,5273.173,4980.093,5069.585,11837.087,10365.1235,10308.533,14990.857,16659.7722,16380.99041,20612.16293,32425.08641,26201.222,20777.08052,28594.44465,30327.57852,27396.57244,40219.62229,37443.37886,22497.62915,33584.38546,34679.01457,30977.84848,58331.03418,42306.11824,46687.57664,41816.57232,45445.74663,45320.79488,43993.84801,32755.9863,42494.66267
6,country,Belize,19,15.05,17.8,13.59999995,18.814,20.76249995,16.57999995,11.946,18.98599995,53.579,23.341,61.16299995,25.46099995,-10.925,111.496,126.9085,108.8285,143.1405,169.6685,108.84,97.2205,95.3485,189.2015,95.15649995,152.744,64.6148159,43.982411,24.4946865,118.275547,93.9102417,76.2028135,127.8239932
6,country,Costa Rica,162.4,178.4,226,246.6999999,297.6,336.8999999,427,406.8999999,611.7,619.4692119,666.9437816,608.6484868,824.6261684,692.1110081,975.9076527,1364.133914,1702.496736,2088.469427,2319.941177,1443.569702,1683.545245,2461.4832,2258.090032,2741.091777,2926.64577,2751.878481,2203.948381,2778.314023,2487.180401,2812.261288,1762.655392,3195.675837
6,country,El Salvador,1.8999999,25.1999999,15.3,16.3999999,0,38,0,59,1102.7,215.8,173.4,279,470.1999999,141.6999999,363.1999999,511.1,241.0999999,1550.6,903.1,365.8,-230.3,218.5,466.8414181,179.2083234,306.3394193,396.615771,347.4247956,889.0729222,826.01,636.16,279.92,314.1874345
6,country,Guatemala,59.2999999,90.4,94.0999999,142.488,65.0999999,75.2999999,76.7999999,84.5,672.7999999,154.5999999,229.5999999,498.5,205.3,263.3,296,508.3,591.6,745.2,737.61109,522.32412,658.31247,1219.22906,1270.14513,1479.31272,1442.35365,1230.89472,1174.4,1130,980.65193,976.14102,931.8227,3471.66349
6,country,Honduras,43.5,52.1,47.6,52.1,41.5,69.4,90,127.652,99.0212,237.3372,381.6591485,304.2429233,275.167835,402.7795158,546.6639999,599.758,669.1069999,927.541,1006.37,509,969.1,1014.4,1058.5,1059.7,1417.4,1203.5,1139.4,1175.8,961.3,498.1,418.6,700.2
6,country,Mexico,2633.238,4761.498,4392.799,4388.801,10972.501,9526.3,9185.451,12829.556,12756.765,13935.805,18246.819,30056.232,24097.967,18269.315,25032.077,26058.6781,21249.34021,32484.37136,29532.68809,17854.89532,27193.30724,25581.05381,21748.8704,48244.26486,30525.1354,35517.27285,31172.91673,34130.865,34090.377,34411.327,27933.586,31621.206
6,country,Nicaragua,0.67,42,42,40,40,75.4,97,172.0999999,194.6999999,300,266.5,150.1999999,203.9,201.3,250,241.0999999,286.7999999,381.6999999,627.2999999,433.8999999,489.9,936.3,775.7,965.1,1076.8,967,989.1,1035.4,837.6,503,746.5,1220.1
6,country,Panama,135.535,108.525,144.494,169.496,401.572,223.061,415.702,1299.203,1203.1,864.3999999,623.8999999,467.1,98.5999999,817.5,1019.1,917.6,2547.3,1898.6,2146.7,1259.3,2723.3,3152.7,3210.5,3567.2,4458.7,4555.8,4745.4,4281.8,5019.4,4062.948466,606.6993933,1843.805911
4,region,Caribbean,437.1,486.8999998,551.2999999,706.8999999,854.9391164,864.7999999,640.5999998,1627.5,1811.56,2534.8,2116.322638,2532.84,2192,2155.8,2514.643,2770.884,3010.1,3438.4,7137.2,3470.87,2978.774,2654.947454,1763.37173,1575.097089,3563.257679,3412.387609,3415.978537,4363.512651,2714.734902,3945.38832,2744.936499,3814.18426
5,country,Anguilla,10.82,6.114814815,15.42222222,6.466666667,11.14444444,17.58148144,33.22962959,21.24444441,28.06296296,38.01111111,39.71378519,29.61888889,33.2382333,29.3922963,86.7273037,117.3067667,141.9978037,118.8760963,98.7143137,43.5865763,11.40072074,38.9158907,43.54300333,42.14755185,75.36821174,82.93623344,114.8379014,97.16747759,209.5407924,140.2216456,60.89255322,80.62263274
5,country,Antigua and Barbuda,58.75,54.79259259,19.64814811,15.2407407,24.78888889,31.48518519,19.35185185,22.94444444,22.77407404,51.79142222,43.11592593,98.45222222,65.86506481,166.3211437,80.36658519,220.9633741,358.8201637,338.2047333,158.7837744,80.64665256,96.67920774,65.1605963,133.0708426,94.6625263,46.26310104,114.0246601,97.43197648,151.2716282,204.8449283,127.7631748,73.52754033,104.3263381
5,country,Aruba,130.5029999,184.749,-16.25698324,-2.569832346,-58.77094972,1.117318436,84.46927369,195.9217877,83.57541894,467.5418994,-127.9329609,-266.9273743,332.122905,159.7765363,-105.6523806,-207.0427813,221.3477602,-469.7375912,19.55307263,-10.7014114,236.8715084,489.4972067,-316.4245809,227.3184357,208.3240223,-26.87150838,27.54189939,87.86227911,110.1756501,-136.1165829,137.1834721,134.2949479
5,country,Bahamas,-17.3,-1.3,0.3,27.1,23.3999999,106.8,87.7999999,210,847.0085874,781.8999999,609.192,587.0059999,353.7069999,713.259,803.7459999,1054.313,1492.102,1622.82,1512.311,645.7025135,1097.18766,1408.799445,1033.507246,1590.4,3550.967,712.5639043,1259.5,901.4479999,947.4299999,610.9571738,896.7839201,359.5843738
5,country,Barbados,11.21328275,7.42492125,14.44999995,9.40211385,12.94999995,11.80375015,15.83648405,18.20349905,29.1604822,37.5395051,73.6969439,91.5049109,228.3432538,184.7012886,228.3345,390.0613959,342.2674982,476.404577,615.1228846,255.2919111,446.3386889,455.8311553,526.876534,117.802151,592.4383514,417.9065689,269.3349267,206.1573627,241.5964999,215.3701286,262.1,238.7350643
5,country,British Virgin Islands,18.35,4.86,-131.22,675.98,677.5099999,-576.71,1109.55,3636.65,8777.51871,7915.398866,8073.327,3791.26,5451.882,9660.121,28309.656,-7142.639,12029.088,37163.179,52554.448,42212.878,42386.82491,50788.16114,61121.51045,104804.7644,40462.00721,66712.74157,49022.94594,39609.97133,34389.70912,39103.36161,39619.63521,39361.49841
5,country,Cayman Islands,49.0399999,-8.5399999,27.4899999,459.7599999,467.0699999,50.31,1231.71,3150.87,4354.11,6475.83,9358.723,2133.108,2802.975,2602.57,3703.461,9506.484,24820.937,28210.535,19555.735,20298.045,20965.96264,31131.85511,21489.60474,34907.99432,46040.60977,80501.52546,58815.59079,15173.39523,20680.81178,28165.12898,23621.04943,25893.08921
5,country,Curaçao,0,0,0,0,0,0,0,0,0,0,0,0,0,0,0,0,0,105.698324,146.5363128,55.25139665,34.25597983,50.85263207,54.68990838,-15.01993162,150.1024936,146.4349327,133.0464049,172.678986,126.8882681,55.9150837,158.1492669,153.884745
5,country,Dominica,7.5599999,15.22037033,20.38148148,13.2,22.6,54.09259259,17.8,21.11481478,6.511111111,17.95555552,17.59629626,17.11592593,20.11063704,31.47214074,26.17394815,19.23555926,25.90752589,40.48677478,56.54826293,57.23550037,42.8602237,34.56334296,58.52277037,23.34833667,12.34989281,7.160376519,42.26492611,22.6772077,78.28317204,63.04222189,21.97998526,43.97985037
5,country,Dominican Republic,132.8,145,179.6999999,189.3,206.8,414.3,96.5,420.6,699.7999999,1337.8,952.9299999,1079.1,916.7999999,613,909.0399999,1122.7,1084.6,1667.4,2870,2165.4,2023.7,2276.7,3142.4,1990.5,2208.5,2204.9,2406.7,3570.7,2535.3,3021,2559.6,3102.1
5,country,Grenada,13.14,15.27407407,22.58148144,20.24814815,19.31111111,19.97777774,16.96296293,33.5,48.68518515,41.55185185,37.40740741,58.74814815,54.48888889,89.16666667,65.0143333,70.15712959,89.78714811,156.5547966,134.8325833,102.5563629,60.42086111,42.6481837,31.48986296,113.0915092,106.7971677,156.4421237,109.8566457,155.6621453,184.005689,198.9789766,148.8113701,144.2260987
5,country,Guadeloupe,0,0,0,0,0,0,0,0,0,0,1.8426385,0,0,0,0,0,0,0,0,0,0,0,0,0,0,0,0,0,0,0,0,0
5,country,Haiti,8,13.6,-1.8,-2.2,-2.7999999,7.4,4.0999999,4,10.76,30,13.25,4.94,5.7,13.7999999,5.9,26,160.5999999,74.5,29.8,55.4699999,178,119,156,161.9199999,99,105.68,104.9,374.86,105,75,23,50
5,country,Jamaica,174.9,171.1999999,190.4,139.1999999,129.6999999,147.4,183.6999999,203.3,369.1,523.7,468.8,613.8999999,478.8,720.7,601.6029999,682.484,882.2,866.5,1436.6,540.8999999,227.674,218.1999999,369.3193796,552.6431149,594.344174,924.9778637,927.976719,888.8352285,774.6206031,665.415555,265.1005536,320.5007105
5,country,Martinique,12,13,12,8,0.2391164,0,0,0,0,0,0,0,0,0,0,0,0,0,0,0,0,0,0,0,0,0,0,0,0,0,0,0
5,country,Montserrat,9.58,8.02962963,4.614814815,4.859259222,7.166666667,3.033333333,-0.3185185185,2.566666667,2.566666667,8.214814815,2.292592593,0.5285184815,0.6396455185,2.080622222,2.338296667,5.437660741,3.990515185,6.845127,12.68210741,2.561496296,3.550085148,2.463851481,2.610004407,3.732109963,5.047356259,4.710287519,3.74896037,3.439289741,3.318871556,1.559754296,2.534042037,0.6141328148
5,country,Netherlands Antilles,8.101,33.408,40.0559999,11.006,21.5079999,-150,-59.832,-16.24357542,5.024022346,-14.74413408,-0.605027933,62.45251397,74.89385475,10.96648039,21.77709492,41.8603352,-21.95530721,0,0,0,0,0,0,0,0,0,0,0,0,0,0,0
5,country,Saint Kitts and Nevis,48.78,21.44814811,12.52962959,13.75925922,15.34814811,20.47037037,35.17407404,19.67037037,31.92592593,57.737037,96.21481481,88.2307407,79.77168885,75.61216296,55.77147407,92.99448885,110.4156303,134.4844381,177.9060267,130.7508393,116.26848,109.632707,108.3753333,136.1827037,156.6585941,128.2766048,121.4152455,48.02611615,40.05176722,47.86256444,13.85261607,40.00967493
5,country,Saint Lucia,45.8999999,59.4099999,40.94074074,34.16296293,32.52222222,32.75185185,18.41481478,47.82592593,83.39629626,83.15185181,53.74814815,58.80740741,51.93541478,106.4259259,76.52028519,78.23342963,233.9347333,271.891074,161.2107063,146.3975911,121.2969726,96.41642778,73.55837922,92.0414407,65.4074443,152.2401761,161.6130656,89.94145207,45.52220085,72.85416811,35.10851104,46.71641256
5,country,Saint Vincent and the Grenadines,7.6699999,8.896296296,13.9,31.4,47.28518519,30.6407407,42.64444444,92.47037037,88.95185185,56.79629626,37.74444444,21.04037033,34.04825552,55.16444811,65.68616667,40.08731481,109.1123444,119.4069,159.24336,110.2216663,97.21810889,85.62386033,115.1113433,159.5689222,124.4226778,123.879208,80.24392274,163.2751876,41.585789,74.35652985,30.85999115,65.29691804
5,country,Sint Maarten,0,0,0,0,0,0,0,0,0,0,0,0,0,0,0,0,0,71.63128492,85.87709497,39.65921782,41.73304564,-45.68214732,19.60516933,38.29507883,53.14765318,35.54420101,54.70996212,64.24829704,-196.6256983,55.2777041,26.6926279,31.4895734
5,country,Trinidad and Tobago,109.4,144.0999999,171,372.6,521,295.6999999,356.3,999.6,731.8999999,643.2999999,679.5,834.8999999,790.7,808.2999999,998.1,939.7,882.7,830,2800.8,709.1,549.3999999,41.0474545,-1904.347649,-1129.966026,661.4135054,176.8297449,-23.5981824,-470.8825777,-700.1857012,183.9727653,-102.764055,341.5835495
5,country,Turks and Caicos Islands,0,0,0,0,0,0,0,0,0,0,0,0,0,0,0,0,0,0,0,0,0,0,0,0,0,-69.888,16.59,22.068,42.2269999,26.9616666,30.4188888,28.6902777
3,region,Oceania,293.3614076,206.9028987,191.2415377,171.3510431,168.1927541,551.536118,172.0359496,154.0716033,297.8840757,404.2223908,116.3697668,248.4164133,139.5133338,346.11364,395.9381248,325.1349989,26.11697867,289.1167649,-789.2785034,-244.069133,-945.2278094,-1619.438851,-2376.20686,-1610.916136,-1112.109229,-655.9165079,-9.490254423,-138.454172,695.4349562,116.3556721,-68.10778947,138.852351
4,country,Cook Islands,0,0,0,0,0,0,0,0,0,0,0,0,0,0,0,0,0,0,0,0,0,0,0,0,0,5.4112682,10.4632026,1.9186405,11.5587088,7.980184,7.1525111,7.5663475
4,country,Fiji,84.13745596,11.31773693,38.58974444,54.74227673,71.51053192,57.17008099,16.53245913,26.52942473,144.8545918,79.30423475,2.959663961,41.15714386,30.45406736,39.82550626,250.0216382,173.8647049,581.7996973,459.6716099,682.056334,311.4981259,176.3531442,216.7645369,277.7265642,243.0772406,379.5798341,205.28027,389.8410273,386.185942,470.9731817,321.0064095,240.5472138,401.0367844
4,country,French Polynesia,22.16,33.82,0.03,-3.24,1.55,2.08,3.5499999,14.3699999,10.73,4.4299999,9.874719,23.68875451,10.9309999,58.213,6.420020709,7.930632209,-20.42592221,-44.54725895,16.08056545,-14.03956146,-26.49254027,-103.0795455,-112.0113636,-34.13600796,-31.30838009,-3.262187896,-37.32602446,-74.58837705,31.98517218,13.86635502,16.70317873,21.34214156
4,country,Kiribati,0.2997517681,0.5086620552,0.4758932178,1.379066478,0.5191007128,0.387685967,0.5384000595,0.5121049741,0.4397454502,0.4516274719,0.7218102654,-0.273476291,0.249788108,0.6707589289,1.95366788,2.606016174,0.568434302,1.153047102,-1.267677448,5,-6.602,-0.349,-2.386,0.838,2.632,-0.82,1.8069999,0.785,-1.1443647,-0.5582805,2.6240928,1.0329061
4,country,Marshall Islands,0,0,0,0,0,0,0,0,0,0,0.739,0.739,0.839,-1.1519999,1.1559999,3.3029999,1.8999999,7.011,5.738,44.89,-9.3569999,-4.381,21.3739999,32.5679999,-8.0289999,-5.3936384,-3.0558474,5.8354974,9.7520513,4.1772337,6.5882608,5.3827472
4,country,"Micronesia, Federated States of",0,0,0,0,0,0,0,0,0,0,0,0,0,0,0,0,0,0,0,0,0,0,0,0,20.2092999,0,0,0,0,0,0,0
4,country,New Caledonia,0,0,0,0,0,0,0,0,0,0,-40.62609177,103.0412079,59.05551726,116.0481425,27.48018589,37.35004709,-718.5446264,-410.5711196,-1682.616358,-1123.979817,-1363.095026,-1675.352273,-2722.488636,-2010.530758,-1600.140621,-1023.276779,-461.7054839,-410.1461398,-249.2309951,-655.1242927,-519.8231683,-493.8001244
4,country,Palau,1,1,1,0,0,-0.21,0,0,0,0,3.1776472,-1.4318567,1.9010145,4.5937054,6.8450369,3.6865332,33.0537166,6.7849731,4.6521897,-2.3429359,3.5958131,7.365053,21.6647153,18.9575378,40.7836406,36.0965094,36.0080193,27.4846327,21.5,22,24,23
4,country,Papua New Guinea,155.413,116.7189999,104.3,61.9508,56.9504,454.569,111.294,28.5752999,109.626,296.4929999,98.23302758,63.77039115,18.27881352,101.0256914,25.75608061,33.52729735,-6.870086661,95.772843,-30.36935806,423.2089839,29.051701,-309.5779365,25.00419936,18.22224,-30.06431325,27.99440834,-39.76492086,-180.1767097,305.6634643,335.1767567,111.7676029,86.832016
4,country,Samoa,6.5999999,3.1899999,5,5,3,3.4399999,1.1599999,19.9899999,3,-0.7185171664,-1.206806284,1.414589798,1.59940289,2.724300729,7.757343386,3.756724212,21.853423,6.905605392,49.46108052,9.605314196,0.4085065562,14.87311594,20.88897226,13.95942105,22.8564572,26.81366051,2.549966588,9.078017053,16.72212389,-2.151612261,4.262123423,8.790989487
4,country,Solomon Islands,10.44,14.513,14.173,23.3709999,2.096,2.0259999,5.944,33.872,8.8046299,9.9004999,13.0283,-9.313303953,-4.001994882,-1.800687709,5.681311575,18.58087283,44.29486455,86.02600626,74.95237431,48.57331558,165.9208878,120.1695793,23.89765063,53.36161728,21.69152017,31.59715507,38.60752745,42.83990013,24.83821136,32.80861593,9.133470361,50.0129746
4,country,Tonga,0.2,0.36,1.22,2.18,2.780521428,1.028451304,0.2849906248,-0.01052614917,0.04570855059,0.9581459919,9.212396872,7.628663006,4.692076768,6.244495291,37.48300838,12.96936754,17.17772025,23.99882284,46.33347748,20.05416586,24.71156722,43.78379942,31.1135149,51.36127095,56.04379538,12.34708609,8.8461226,13.78078573,15.0474744,1.742414,4.2263883,1.7432873
4,country,Tuvalu,0,0,0,0,0,0,0,0,0,0,0,-0.009,-0.01,-0.011,-0.012,-0.011,-0.011,-0.011,1.6879999,1.7509999,0.455,-0.119,1.325,0.337,0.3,0.3,0.3,0.3,0.298862,0.298862,0.1,0.199431
4,country,Vanuatu,13.1112,25.4744999,26.4529,25.9679,29.7862,31.0448999,32.7321,30.2333,20.3834,13.4034,20.2561,18.0043,15.52464834,19.73172708,25.39583147,27.57080351,71.32075813,56.92223589,44.01286834,31.71227551,59.82213655,70.46381883,37.68452301,1.068302615,13.33653784,30.99574022,43.93915649,38.24863897,37.47106613,35.13302682,24.6105366,25.7128502
2,region,Least developed countries (LDCs),542.0078288,1501.491683,1470.026201,1841.454159,1042.129579,1682.043148,2090.216736,3684.631294,4553.374899,5559.379552,4597.642428,5993.365002,6436.532452,11083.41665,9620.760591,5818.411477,9756.895347,11970.72176,18369.91568,15564.17452,23213.33897,19839.19488,26751.72425,20861.99751,27237.01171,38133.66059,25879.86686,20873.47927,22538.97154,22839.27717,22974.85899,25978.13482
2,region,Landlocked countries (LLCs),606.3599531,338.4852728,572.3180975,1865.785764,1629.08843,2794.443984,3351.167755,5160.281618,5707.818574,4323.120358,3996.991204,6238.508002,7890.178795,8842.936924,12283.18905,6866.359328,11859.9821,15591.93015,25563.08399,26852.04631,27579.65484,35150.8562,34070.11583,30175.2808,29012.33292,25108.64135,24335.38079,25070.31077,22950.57027,22069.78253,14138.82853,18485.98966
2,region,Small island developing states (SIDS),623.2824715,604.1085439,615.0454298,833.398238,1020.435355,944.9139017,955.3172458,1911.572619,2527.166676,2580.033344,2536.601438,2604.04495,2357.011374,3195.343306,3478.843377,4105.837542,5795.434517,6421.684297,9300.263348,4070.798368,4455.649115,4459.799699,2266.315191,3126.782298,7758.347759,4144.316126,4721.162954,3961.631247,3797.974879,4424.684907,2853.827416,3342.442068